?value	?property	?lang	?langVar
"10"	"numeralGloss"	"beja"	"hadendowa"
"100"	"numeralGloss"	"beja"	"hadendowa"
"1000"	"numeralGloss"	"beja"	"hadendowa"
"11"	"numeralGloss"	"beja"	"hadendowa"
"110"	"numeralGloss"	"beja"	"hadendowa"
"12"	"numeralGloss"	"beja"	"hadendowa"
"13"	"numeralGloss"	"beja"	"hadendowa"
"14"	"numeralGloss"	"beja"	"hadendowa"
"15"	"numeralGloss"	"beja"	"hadendowa"
"16"	"numeralGloss"	"beja"	"hadendowa"
"17"	"numeralGloss"	"beja"	"hadendowa"
"18"	"numeralGloss"	"beja"	"hadendowa"
"19"	"numeralGloss"	"beja"	"hadendowa"
"20"	"numeralGloss"	"beja"	"hadendowa"
"200"	"numeralGloss"	"beja"	"hadendowa"
"2000"	"numeralGloss"	"beja"	"hadendowa"
"21"	"numeralGloss"	"beja"	"hadendowa"
"22"	"numeralGloss"	"beja"	"hadendowa"
"23"	"numeralGloss"	"beja"	"hadendowa"
"24"	"numeralGloss"	"beja"	"hadendowa"
"25"	"numeralGloss"	"beja"	"hadendowa"
"26"	"numeralGloss"	"beja"	"hadendowa"
"27"	"numeralGloss"	"beja"	"hadendowa"
"28"	"numeralGloss"	"beja"	"hadendowa"
"29"	"numeralGloss"	"beja"	"hadendowa"
"30"	"numeralGloss"	"beja"	"hadendowa"
"300"	"numeralGloss"	"beja"	"hadendowa"
"31"	"numeralGloss"	"beja"	"hadendowa"
"32"	"numeralGloss"	"beja"	"hadendowa"
"4"	"numeralGloss"	"beja"	"hadendowa"
"40"	"numeralGloss"	"beja"	"hadendowa"
"5"	"numeralGloss"	"beja"	"hadendowa"
"50"	"numeralGloss"	"beja"	"hadendowa"
"6"	"numeralGloss"	"beja"	"hadendowa"
"60"	"numeralGloss"	"beja"	"hadendowa"
"7"	"numeralGloss"	"beja"	"hadendowa"
"70"	"numeralGloss"	"beja"	"hadendowa"
"8"	"numeralGloss"	"beja"	"hadendowa"
"80"	"numeralGloss"	"beja"	"hadendowa"
"9"	"numeralGloss"	"beja"	"hadendowa"
"90"	"numeralGloss"	"beja"	"hadendowa"
"A"	"passiveReciprocalClass"	"sidaama"	
"A"	"pluralClass"	"beja"	"arteiga"
"A"	"pngShapeClass"	"dhaasanac"	
"A"	"postpositionClass"	"beja"	"arteiga"
"A"	"stemClass"	"geez"	
"A"	"synEnv"	"elmolo"	
"A1"	"stemClass"	"geez"	
"A2"	"stemClass"	"geez"	
"ACC"	"rootClass"	"hebrew"	
"B"	"dervStem"	"akkadian"	"OB"
"B"	"dervStem"	"beja"	"arteiga"
"B"	"dervStem"	"geez"	
"B"	"dervStem"	"hebrew"	
"B"	"dervStem"	"saho"	
"B"	"passiveReciprocalClass"	"sidaama"	
"B"	"pluralClass"	"beja"	"arteiga"
"B"	"pngShapeClass"	"dhaasanac"	
"B"	"postpositionClass"	"beja"	"arteiga"
"B"	"synEnv"	"elmolo"	
"B-Freq"	"dervStem"	"beja"	"hadendowa"
"B-Intens"	"dervStem"	"beja"	"hadendowa"
"B-Intens"	"dervStem"	"saho"	
"B-Redup"	"dervStem"	"beja"	"hadendowa"
"BE"	"verbMorphClass"	"maale"	
"Bt"	"dervStem"	"akkadian"	"OB"
"Btn"	"dervStem"	"akkadian"	"OB"
"C"	"final"	"elmolo"	
"C"	"pluralClass"	"beja"	"arteiga"
"C"	"rootClass"	"beja"	"bishari"
"C1"	"conjSubClass"	"somali"	"standard"
"C1"	"subConj"	"somali"	"standard"
"C1C2C2"	"rootClass"	"hebrew"	
"C2A"	"conjSubClass"	"somali"	"standard"
"C2B"	"conjSubClass"	"somali"	"standard"
"C3A"	"conjSubClass"	"somali"	"standard"
"C3B"	"conjSubClass"	"somali"	"standard"
"C3B"	"subConj"	"somali"	"standard"
"CAC"	"rootClass"	"hebrew"	
"CC"	"rootClass"	"beja"	"beniamer"
"CC"	"rootClass"	"beja"	"bishari"
"CC"	"rootClass"	"beja"	"hadendowa"
"CCA"	"rootClass"	"hebrew"	
"CCC"	"rootClass"	"akkadian"	"OB"
"CCC"	"rootClass"	"arabic"	
"CCC"	"rootClass"	"beja"	"arteiga"
"CCC"	"rootClass"	"beja"	"beniamer"
"CCC"	"rootClass"	"beja"	"bishari"
"CCC"	"rootClass"	"beja"	"hadendowa"
"CCC"	"rootClass"	"geez"	
"CCC"	"rootClass"	"hebrew"	
"CCC-a"	"rootClass"	"beja"	"bishari"
"CCC-i"	"rootClass"	"beja"	"bishari"
"CCC-u"	"rootClass"	"beja"	"bishari"
"CCW"	"rootClass"	"geez"	
"CCY"	"rootClass"	"beja"	"arteiga"
"CCY"	"rootClass"	"beja"	"beniamer"
"CCY"	"rootClass"	"beja"	"bishari"
"CCY"	"rootClass"	"geez"	
"CCa"	"rootClass"	"akkadian"	"OB"
"CCe"	"rootClass"	"akkadian"	"OB"
"CCh"	"rootClass"	"hebrew"	
"CCi"	"rootClass"	"akkadian"	"OB"
"CCu"	"rootClass"	"akkadian"	"OB"
"CCw"	"rootClass"	"akkadian"	"OB"
"CCy"	"rootClass"	"hebrew"	
"CHC"	"rootClass"	"beja"	"beniamer"
"CHiy"	"rootClass"	"beja"	"atmaan"
"CV1"	"stemClass"	"coptic"	"sahidic"
"CV2"	"stemClass"	"coptic"	"sahidic"
"CV3"	"stemClass"	"coptic"	"sahidic"
"CV4"	"stemClass"	"coptic"	"sahidic"
"CVC"	"rootClass"	"beja"	"arteiga"
"CVC"	"stemShape"	"tsamakko"	
"CVC-VC"	"stemShape"	"tsamakko"	
"CVC1"	"stemClass"	"coptic"	"sahidic"
"CVC2"	"stemClass"	"coptic"	"sahidic"
"CVC3Irreg"	"stemClass"	"coptic"	"sahidic"
"CVCC"	"stemClass"	"coptic"	"sahidic"
"CVCReg"	"stemClass"	"coptic"	"sahidic"
"CVCVC"	"stemShape"	"tsamakko"	
"CVReg"	"stemClass"	"coptic"	"sahidic"
"CVVC"	"stemShape"	"tsamakko"	
"CWC"	"rootClass"	"geez"	
"CYC"	"rootClass"	"geez"	
"CaC"	"rootClass"	"akkadian"	"OB"
"CaC"	"rootClass"	"beja"	"atmaan"
"CaC"	"rootClass"	"beja"	"beniamer"
"Cay"	"rootClass"	"beja"	"atmaan"
"CeC"	"rootClass"	"akkadian"	"OB"
"CeC"	"rootClass"	"beja"	"beniamer"
"ChC"	"rootClass"	"hebrew"	
"CiC"	"rootClass"	"akkadian"	"OB"
"CiC"	"rootClass"	"beja"	"atmaan"
"CiC-"	"stemPattern"	"beja"	"atmaan"
"CiCH"	"rootClass"	"beja"	"atmaan"
"CiCaC"	"rootClass"	"beja"	"atmaan"
"CiCiC"	"rootClass"	"beja"	"atmaan"
"CiCiC-"	"stemPattern"	"beja"	"atmaan"
"CiCiy"	"rootClass"	"beja"	"atmaan"
"CiCiy-"	"stemPattern"	"beja"	"atmaan"
"Ciy"	"rootClass"	"beja"	"atmaan"
"CuC"	"rootClass"	"akkadian"	"OB"
"CwC"	"rootClass"	"hebrew"	
"CyC"	"rootClass"	"hebrew"	
"CāC"	"rootClass"	"akkadian"	"OB"
"CēC"	"rootClass"	"akkadian"	"OB"
"CīC"	"rootClass"	"akkadian"	"OB"
"CūC"	"rootClass"	"akkadian"	"OB"
"D"	"dervStem"	"akkadian"	"OB"
"D"	"dervStem"	"hebrew"	
"D"	"stemClass"	"geez"	
"D-polel"	"dervStem"	"hebrew"	
"Dt"	"dervStem"	"akkadian"	"OB"
"Dtn"	"dervStem"	"akkadian"	"OB"
"Du"	"dervStem"	"hebrew"	
"HaCiC"	"rootClass"	"beja"	"atmaan"
"HaCiC-"	"stemPattern"	"beja"	"atmaan"
"HamzInitVFin"	"stemClass"	"beja"	"atmaan"
"L"	"stemClass"	"geez"	
"M"	"dervStem"	"arbore"	
"M"	"dervStem"	"beja"	"arteiga"
"M"	"dervStem"	"beja"	"beniamer"
"M"	"dervStem"	"beja"	"bishari"
"M"	"dervStem"	"beja"	"hadendowa"
"M"	"dervStem"	"bilin"	
"M"	"dervStem"	"kemant"	
"M"	"dervStem"	"oromo"	
"M"	"dervStem"	"saho"	
"M-Freq"	"dervStem"	"bilin"	
"M1"	"dervStem"	"beja"	"beniamer"
"M2"	"dervStem"	"beja"	"beniamer"
"MS1"	"dervStem"	"beja"	"beniamer"
"MS2"	"dervStem"	"beja"	"beniamer"
"N"	"dervStem"	"akkadian"	"OB"
"N"	"dervStem"	"hebrew"	
"Ntn"	"dervStem"	"akkadian"	"OB"
"OB"	"langVar"	"akkadian"	"OB"
"Polal"	"dervStem"	"hebrew"	
"Polel"	"dervStem"	"hebrew"	
"Q"	"mood"	"iraqw"	
"Q"	"pdgmType"	"beja"	"atmaan"
"Q"	"verbMorphClass"	"beja"	"atmaan"
"R"	"dervStem"	"beja"	"arteiga"
"S"	"dervStem"	"akkadian"	"OB"
"S"	"dervStem"	"beja"	"arteiga"
"S"	"dervStem"	"beja"	"beniamer"
"S"	"dervStem"	"beja"	"bishari"
"S"	"dervStem"	"beja"	"hadendowa"
"S"	"dervStem"	"bilin"	
"S"	"dervStem"	"dhaasanac"	
"S"	"dervStem"	"geez"	
"S"	"dervStem"	"hebrew"	
"S"	"dervStem"	"kemant"	
"S"	"dervStem"	"oromo"	
"S"	"dervStem"	"rendille"	
"S-Intens"	"dervStem"	"dhaasanac"	
"S-Recip"	"dervStem"	"bilin"	
"S1"	"dervStem"	"arbore"	
"S1"	"dervStem"	"beja"	"beniamer"
"S1"	"dervStem"	"saho"	
"S1-Intens"	"dervStem"	"saho"	
"S1T"	"dervStem"	"saho"	
"S2"	"dervStem"	"arbore"	
"S2"	"dervStem"	"beja"	"arteiga"
"S2"	"dervStem"	"beja"	"beniamer"
"S2"	"dervStem"	"bilin"	
"S2"	"dervStem"	"dhaasanac"	
"S2"	"dervStem"	"saho"	
"S2t"	"dervStem"	"hebrew"	
"SM"	"dervStem"	"beja"	"arteiga"
"SM"	"dervStem"	"beja"	"beniamer"
"SM"	"dervStem"	"beja"	"bishari"
"St"	"dervStem"	"akkadian"	"OB"
"St"	"dervStem"	"geez"	
"St"	"dervStem"	"hebrew"	
"Stn"	"dervStem"	"akkadian"	"OB"
"Su"	"dervStem"	"hebrew"	
"T"	"dervStem"	"beja"	"arteiga"
"T"	"dervStem"	"dhaasanac"	
"T"	"dervStem"	"geez"	
"T"	"dervStem"	"oromo"	
"T"	"dervStem"	"rendille"	
"T"	"dervStem"	"saho"	
"T"	"prefixGroup"	"arbore"	
"T-Intens"	"dervStem"	"saho"	
"T1"	"dervStem"	"arbore"	
"T2"	"dervStem"	"arbore"	
"T2"	"dervStem"	"dhaasanac"	
"T3"	"dervStem"	"arbore"	
"T4"	"dervStem"	"arbore"	
"Term"	"ns#type"	"afar"	
"Term"	"ns#type"	"akkadian"	"OB"
"Term"	"ns#type"	"alaaba"	
"Term"	"ns#type"	"arabic"	
"Term"	"ns#type"	"arbore"	
"Term"	"ns#type"	"awngi"	
"Term"	"ns#type"	"bayso"	
"Term"	"ns#type"	"beja"	"amarʔar"
"Term"	"ns#type"	"beja"	"arteiga"
"Term"	"ns#type"	"beja"	"atmaan"
"Term"	"ns#type"	"beja"	"beniamer"
"Term"	"ns#type"	"beja"	"bishari"
"Term"	"ns#type"	"beja"	"hadendowa"
"Term"	"ns#type"	"bilin"	
"Term"	"ns#type"	"boni"	
"Term"	"ns#type"	"boni"	"jara"
"Term"	"ns#type"	"boni"	"kilii"
"Term"	"ns#type"	"burji"	
"Term"	"ns#type"	"coptic"	"sahidic"
"Term"	"ns#type"	"dahalo"	
"Term"	"ns#type"	"dhaasanac"	
"Term"	"ns#type"	"dhaasanac"	"standard"
"Term"	"ns#type"	"egyptian"	"middle"
"Term"	"ns#type"	"elmolo"	
"Term"	"ns#type"	"gawwada"	
"Term"	"ns#type"	"gedeo"	
"Term"	"ns#type"	"geez"	
"Term"	"ns#type"	"hadiyya"	
"Term"	"ns#type"	"hebrew"	
"Term"	"ns#type"	"iraqw"	
"Term"	"ns#type"	"kambaata"	
"Term"	"ns#type"	"kemant"	
"Term"	"ns#type"	"khamtanga"	
"Term"	"ns#type"	"koorete"	
"Term"	"ns#type"	"maale"	
"Term"	"ns#type"	"oromo"	
"Term"	"ns#type"	"rendille"	
"Term"	"ns#type"	"saho"	
"Term"	"ns#type"	"shinassha"	
"Term"	"ns#type"	"sidaama"	
"Term"	"ns#type"	"somali"	"standard"
"Term"	"ns#type"	"syriac"	
"Term"	"ns#type"	"tsamakko"	
"Term"	"ns#type"	"wolaytta"	
"Term"	"ns#type"	"yaaku"	
"Term"	"ns#type"	"yemsa"	
"V"	"rootClass"	"beja"	"bishari"
"V-non-a"	"final"	"elmolo"	
"V2"	"rootClass"	"beja"	"bishari"
"VH-Participle"	"tam"	"afar"	
"VHPart"	"tamToken"	"afar"	
"Vdpth"	"rootClass"	"beja"	"bishari"
"WCC"	"rootClass"	"geez"	
"Y"	"prefixGroup"	"arbore"	
"a"	"ablautClass"	"hebrew"	
"a"	"final"	"elmolo"	
"a-a"	"ablautClass"	"hebrew"	
"a-deletion"	"pluralClass"	"khamtanga"	
"a-e"	"ablautClass"	"hebrew"	
"a-iClass"	"ablautClass"	"akkadian"	"OB"
"a-o"	"ablautClass"	"hebrew"	
"a-subordinate"	"tam"	"kemant"	
"a-uClass"	"ablautClass"	"akkadian"	"OB"
"aCC"	"rootClass"	"akkadian"	"OB"
"aClass"	"ablautClass"	"akkadian"	"OB"
"aClass"	"defMarker"	"tsamakko"	
"aa-stem"	"stemClass"	"arbore"	
"ablative"	"case"	"alaaba"	
"ablative"	"case"	"koorete"	
"ablative"	"case"	"maale"	
"ablative"	"case"	"shinassha"	
"ablative"	"case"	"wolaytta"	
"ablative"	"case"	"yemsa"	
"ablative"	"cliticClass"	"boni"	"jara"
"ablative"	"cliticClass"	"boni"	"kilii"
"ablative"	"dervCat"	"elmolo"	
"ablative"	"postposition"	"beja"	"arteiga"
"aboveSpeaker"	"deixis"	"koorete"	
"abs"	"type"	"burji"	
"absPoss"	"proClass"	"alaaba"	
"absolute"	"infinitiveForm"	"coptic"	"sahidic"
"absoluteInfinitive"	"formClass"	"coptic"	"sahidic"
"absolutive"	"case"	"afar"	
"absolutive"	"case"	"alaaba"	
"absolutive"	"case"	"arbore"	
"absolutive"	"case"	"bilin"	
"absolutive"	"case"	"burji"	
"absolutive"	"case"	"dhaasanac"	
"absolutive"	"case"	"gedeo"	
"absolutive"	"case"	"khamtanga"	
"absolutive"	"case"	"koorete"	
"absolutive"	"case"	"maale"	
"absolutive"	"case"	"oromo"	
"absolutive"	"case"	"wolaytta"	
"absolutive"	"case"	"yemsa"	
"absolutive"	"caseHead"	"burji"	
"absolutive"	"caseHead"	"gedeo"	
"absolutive"	"clauseCase"	"somali"	"standard"
"absolutive"	"type"	"burji"	
"absolutive"	"type"	"gedeo"	
"absolutiveEmphatic"	"case"	"alaaba"	
"accusative"	"case"	"akkadian"	"OB"
"accusative"	"case"	"beja"	"hadendowa"
"accusative"	"case"	"hadiyya"	
"accusative"	"case"	"hebrew"	
"accusative"	"case"	"kambaata"	
"accusative"	"case"	"sidaama"	
"accusative"	"case"	"syriac"	
"action"	"nonFiniteForm"	"khamtanga"	
"active"	"voice"	"arabic"	
"ad-Class"	"stemAltClass"	"arbore"	
"add-Class"	"stemAltClass"	"arbore"	
"adjInterr"	"conjClass"	"yaaku"	
"adjective"	"conjClass"	"yaaku"	
"adjective"	"statClass"	"elmolo"	
"adnominal"	"posClass"	"sidaama"	
"advAt1"	"clauseType"	"bilin"	
"advAt2"	"clauseType"	"bilin"	
"advCause"	"clauseType"	"bilin"	
"advCompl"	"clauseType"	"bilin"	
"advCond"	"clauseType"	"bilin"	
"advConsec"	"clauseType"	"bilin"	
"advFutCond"	"clauseType"	"bilin"	
"advPurp"	"clauseType"	"bilin"	
"advUntil"	"clauseType"	"bilin"	
"advWhen"	"clauseType"	"bilin"	
"advWhile"	"clauseType"	"bilin"	
"adverb"	"posClass"	"sidaama"	
"af"	"pdgmLexLabel"	"gawwada"	
"afar"	"lang"	"afar"	
"aff"	"polarity"	"beja"	"hadendowa"
"affirmative"	"polarity"	"afar"	
"affirmative"	"polarity"	"alaaba"	
"affirmative"	"polarity"	"arbore"	
"affirmative"	"polarity"	"awngi"	
"affirmative"	"polarity"	"bayso"	
"affirmative"	"polarity"	"beja"	"arteiga"
"affirmative"	"polarity"	"beja"	"atmaan"
"affirmative"	"polarity"	"beja"	"beniamer"
"affirmative"	"polarity"	"beja"	"bishari"
"affirmative"	"polarity"	"beja"	"hadendowa"
"affirmative"	"polarity"	"bilin"	
"affirmative"	"polarity"	"boni"	
"affirmative"	"polarity"	"boni"	"jara"
"affirmative"	"polarity"	"boni"	"kilii"
"affirmative"	"polarity"	"burji"	
"affirmative"	"polarity"	"coptic"	"sahidic"
"affirmative"	"polarity"	"dahalo"	
"affirmative"	"polarity"	"dhaasanac"	
"affirmative"	"polarity"	"elmolo"	
"affirmative"	"polarity"	"gawwada"	
"affirmative"	"polarity"	"gedeo"	
"affirmative"	"polarity"	"hadiyya"	
"affirmative"	"polarity"	"iraqw"	
"affirmative"	"polarity"	"kambaata"	
"affirmative"	"polarity"	"kemant"	
"affirmative"	"polarity"	"khamtanga"	
"affirmative"	"polarity"	"koorete"	
"affirmative"	"polarity"	"maale"	
"affirmative"	"polarity"	"oromo"	
"affirmative"	"polarity"	"rendille"	
"affirmative"	"polarity"	"saho"	
"affirmative"	"polarity"	"shinassha"	
"affirmative"	"polarity"	"sidaama"	
"affirmative"	"polarity"	"somali"	"standard"
"affirmative"	"polarity"	"tsamakko"	
"affirmative"	"polarity"	"wolaytta"	
"affirmative"	"polarity"	"yaaku"	
"affirmative"	"polarity"	"yemsa"	
"affirmative"	"proClasspolarity"	"gawwada"	
"affirmative"	"selector"	"dahalo"	
"affix"	"tokenType"	"afar"	
"affix"	"tokenType"	"beja"	"arteiga"
"affix"	"tokenType"	"boni"	"jara"
"affix"	"tokenType"	"boni"	"kilii"
"affix"	"tokenType"	"kemant"	
"agent"	"finiteForm"	"bilin"	
"agent"	"nonFiniteForm"	"khamtanga"	
"agent"	"nonFiniteForm"	"oromo"	
"agentNoun"	"finiteForm"	"kemant"	
"agentlessVerb"	"statClass"	"elmolo"	
"agreement"	"subjVerbAgr"	"arbore"	
"agreementMarker"	"proClass"	"yaaku"	
"ahad-Class"	"stemAltClass"	"arbore"	
"akkadian"	"lang"	"akkadian"	"OB"
"alaaba"	"lang"	"alaaba"	
"alk"	"rootClass"	"akkadian"	"OB"
"allative"	"selector"	"dahalo"	
"alternate"	"pluralClass"	"khamtanga"	
"amarʔar"	"langVar"	"beja"	"amarʔar"
"amarʔar"	"langVar"	"beja"	"arteiga"
"ameet"	"pdgmLexLabel"	"alaaba"	
"amma"	"selectorGroup"	"arbore"	
"anteriorPerfect"	"tam"	"alaaba"	
"anticipatory"	"tam"	"afar"	
"aor"	"tam"	"beja"	"atmaan"
"aorClass"	"tamStemClass"	"beja"	"arteiga"
"aorist"	"tam"	"beja"	"arteiga"
"aorist"	"tam"	"beja"	"atmaan"
"aorist"	"tam"	"beja"	"bishari"
"aorist"	"tam"	"coptic"	"sahidic"
"aorist"	"tam"	"shinassha"	
"aorist"	"tam"	"tsamakko"	
"aorist"	"tam"	"wolaytta"	
"aoristHabitual"	"tam"	"shinassha"	
"aoristIngressive"	"tam"	"shinassha"	
"aoristIngressive"	"tam"	"wolaytta"	
"aoristProgressive"	"tam"	"shinassha"	
"aoristProgressive"	"tam"	"wolaytta"	
"aoristPunctual"	"tam"	"shinassha"	
"apodosis"	"clauseType"	"awngi"	
"arabic"	"lang"	"arabic"	
"arabic"	"langComp"	"beja"	"beniamer"
"arbore"	"lang"	"arbore"	
"artDef"	"proClass"	"beja"	"hadendowa"
"arteiga"	"langVar"	"beja"	"amarʔar"
"arteiga"	"langVar"	"beja"	"arteiga"
"arteiga"	"langVar"	"beja"	"bishari"
"arteiga"	"langVar"	"beja"	"hadendowa"
"aspect"	"verbMorphClass"	"bilin"	
"aspect"	"verbMorphClass"	"boni"	"kilii"
"aspectSuff"	"verbMorphClass"	"boni"	"jara"
"ass"	"pdgmLexLabel"	"gawwada"	
"at_sat-Extension"	"dervStemAug"	"bayso"	
"atmaan"	"langVar"	"beja"	"atmaan"
"autobenefactivization"	"dervStemAug"	"bayso"	
"aux"	"vClass"	"shinassha"	
"aux"	"vClass"	"wolaytta"	
"auxFay"	"conjSubType"	"beja"	"beniamer"
"auxFay"	"pdgmSubType"	"beja"	"beniamer"
"auxHay"	"conjSubType"	"beja"	"beniamer"
"auxHay"	"pdgmSubType"	"beja"	"beniamer"
"auxKay"	"conjSubType"	"beja"	"beniamer"
"auxKay"	"pdgmSubType"	"beja"	"beniamer"
"auxOverview"	"verbMorphClass"	"beja"	"atmaan"
"auxPut"	"conjSubType"	"beja"	"atmaan"
"auxPut"	"verbMorphClass"	"beja"	"atmaan"
"auxTake"	"conjSubType"	"beja"	"atmaan"
"auxTake"	"verbMorphClass"	"beja"	"atmaan"
"auxiliary"	"pdgmSubType"	"beja"	"beniamer"
"awngi"	"lang"	"awngi"	
"background"	"selCat"	"iraqw"	
"background"	"selTense"	"iraqw"	
"base"	"dervStem"	"alaaba"	
"base"	"dervStem"	"arbore"	
"base"	"dervStem"	"beja"	"beniamer"
"base"	"dervStem"	"beja"	"bishari"
"base"	"dervStem"	"beja"	"hadendowa"
"base"	"dervStem"	"dhaasanac"	
"base"	"dervStem"	"oromo"	
"base"	"dervStem"	"rendille"	
"base"	"dervStem"	"yaaku"	
"base"	"imperativeClass"	"iraqw"	
"base"	"stemClass"	"beja"	"beniamer"
"baseIntns"	"stemClass"	"beja"	"beniamer"
"basicPro"	"proClass"	"maale"	
"bayso"	"lang"	"bayso"	
"become"	"conjSubType"	"beja"	"atmaan"
"become"	"deAdjClass"	"boni"	"kilii"
"become"	"verbMorphClass"	"beja"	"atmaan"
"beja"	"lang"	"beja"	"amarʔar"
"beja"	"lang"	"beja"	"arteiga"
"beja"	"lang"	"beja"	"atmaan"
"beja"	"lang"	"beja"	"beniamer"
"beja"	"lang"	"beja"	"bishari"
"beja"	"lang"	"beja"	"hadendowa"
"belowSpeaker"	"deixis"	"koorete"	
"benefactive"	"case"	"shinassha"	
"benefactive"	"dervCat"	"elmolo"	
"benefactive"	"dervStem"	"burji"	
"benefactive"	"dervStem"	"hadiyya"	
"benefactive"	"dervStem"	"kambaata"	
"benefactive"	"dervStem"	"shinassha"	
"benefactive"	"dervStem"	"yaaku"	
"benefactiveCausative"	"dervStem"	"hadiyya"	
"benefactivePassive"	"dervStem"	"hadiyya"	
"beniamer"	"langVar"	"beja"	"beniamer"
"bilin"	"lang"	"bilin"	
"bilin"	"lang"	"kemant"	
"bis"	"lexlabel"	"beja"	"hadendowa"
"bishari"	"langVar"	"beja"	"arteiga"
"bishari"	"langVar"	"beja"	"bishari"
"boni"	"lang"	"boni"	
"boni"	"lang"	"boni"	"jara"
"boni"	"lang"	"boni"	"kilii"
"bound"	"proClass"	"dahalo"	
"boundSubject"	"proClass"	"arbore"	
"burji"	"lang"	"burji"	
"c-ablaut"	"pluralClass"	"khamtanga"	
"cardinal"	"numClass"	"khamtanga"	
"cardinalNumeral"	"nounClass"	"kemant"	
"case"	"cat"	"iraqw"	
"case"	"nounMorphClass"	"khamtanga"	
"case"	"selClass"	"iraqw"	
"case-FN40"	"passiveReciprocalClass"	"sidaama"	
"case-i"	"passiveReciprocalClass"	"sidaama"	
"case-ii"	"caus1_2"	"sidaama"	
"case-iii"	"middleClass"	"sidaama"	
"case-iv"	"caus1_2"	"sidaama"	
"case-v"	"middleClass"	"sidaama"	
"case-vi"	"middleClass"	"sidaama"	
"case-vii"	"caus1_2"	"sidaama"	
"caseMarking"	"proClass"	"maale"	
"causIntrans"	"stemClass"	"beja"	"beniamer"
"causal"	"clauseType"	"maale"	
"causal"	"tam"	"khamtanga"	
"causative"	"cliticClass"	"boni"	"jara"
"causative"	"cliticClass"	"boni"	"kilii"
"causative"	"dervStem"	"gawwada"	
"causative"	"dervStem"	"iraqw"	
"causative"	"dervStem"	"koorete"	
"causative"	"dervStem"	"maale"	
"causative"	"dervStem"	"rendille"	
"causative"	"dervStem"	"shinassha"	
"causative"	"dervStem"	"wolaytta"	
"causative"	"dervStem"	"yaaku"	
"causative"	"dervStem"	"yemsa"	
"causative"	"stemClass"	"beja"	"beniamer"
"causative-middle"	"dervStem"	"alaaba"	
"causative-passive"	"dervStem"	"alaaba"	
"causative-reciprocal"	"dervStem"	"alaaba"	
"causative1"	"dervStem"	"burji"	
"causative1"	"dervStem"	"hadiyya"	
"causative1"	"dervStem"	"sidaama"	
"causative1"	"dervStem"	"tsamakko"	
"causative1Causative2"	"dervStem"	"sidaama"	
"causative2"	"dervStem"	"burji"	
"causative2"	"dervStem"	"hadiyya"	
"causative2"	"dervStem"	"kambaata"	
"causative2"	"dervStem"	"maale"	
"causative2"	"dervStem"	"sidaama"	
"causative2"	"dervStem"	"tsamakko"	
"causative3"	"dervStem"	"hadiyya"	
"causativeAllomorph"	"verbMorphClass"	"alaaba"	
"causativeBenefPass"	"dervStem"	"hadiyya"	
"causativeBenefactive"	"dervStem"	"hadiyya"	
"causativeCausative"	"dervStem"	"beja"	"bishari"
"causativeD"	"dervStem"	"alaaba"	
"causativeDenominal"	"dervStem"	"hadiyya"	
"causativeDouble1"	"dervStem"	"alaaba"	
"causativeDouble2"	"dervStem"	"alaaba"	
"causativePassive"	"dervStem"	"hadiyya"	
"causativeSimple2"	"dervStem"	"alaaba"	
"causativeSimplel1"	"dervStem"	"alaaba"	
"causativeSimplel2"	"dervStem"	"alaaba"	
"causative_causative-1"	"dervStem"	"wolaytta"	
"causative_causative-2"	"dervStem"	"wolaytta"	
"causative_iterative"	"dervStem"	"wolaytta"	
"causative_iterative_causative"	"dervStem"	"wolaytta"	
"causative_passive"	"dervStem"	"wolaytta"	
"cc2a"	"conjClass"	"iraqw"	
"cc2b"	"conjClass"	"iraqw"	
"cc3a"	"conjClass"	"iraqw"	
"cc3b"	"conjClass"	"iraqw"	
"cc3c"	"conjClass"	"iraqw"	
"cc3d"	"conjClass"	"iraqw"	
"cc3e"	"conjClass"	"iraqw"	
"circumstantial"	"tam"	"coptic"	"sahidic"
"class1"	"inflClass"	"gawwada"	
"class1a"	"inflClass"	"gawwada"	
"class1b"	"inflClass"	"gawwada"	
"class2"	"inflClass"	"gawwada"	
"clitic"	"proClass"	"arabic"	
"clitic"	"proClass"	"rendille"	
"clitic"	"verbMorphClass"	"boni"	"jara"
"clitic"	"verbMorphClass"	"boni"	"kilii"
"co-Subject"	"clauseType"	"alaaba"	
"coTemporal"	"tam"	"khamtanga"	
"collaborative"	"dervStem"	"beja"	"beniamer"
"comb-Extension"	"dervStemAug"	"bayso"	
"combination"	"dervStem"	"kambaata"	
"combo"	"dervStem"	"burji"	
"comitative"	"case"	"khamtanga"	
"comitative"	"case"	"shinassha"	
"comitative"	"case"	"tsamakko"	
"comitative"	"case"	"wolaytta"	
"comitative"	"case"	"yemsa"	
"comitative"	"cliticClass"	"boni"	"jara"
"comitative"	"cliticClass"	"boni"	"kilii"
"comitative"	"selector"	"dahalo"	
"command"	"mood"	"shinassha"	
"command"	"mood"	"wolaytta"	
"command"	"mood"	"yemsa"	
"compPastGer"	"tam"	"khamtanga"	
"compSem"	"pdgmType"	"beja"	"beniamer"
"compSubordinate"	"tam"	"kemant"	
"comparative"	"pdgmType"	"bilin"	
"comparative"	"pdgmType"	"dhaasanac"	
"comparative"	"pdgmType"	"dhaasanac"	"standard"
"comparative"	"pdgmType"	"kemant"	
"comparative"	"pdgmType"	"somali"	"standard"
"comparative"	"tam"	"khamtanga"	
"completative"	"dervStem"	"shinassha"	
"compound"	"case"	"khamtanga"	
"compound"	"clauseType"	"awngi"	
"compound"	"complement"	"shinassha"	
"compound"	"complement"	"wolaytta"	
"compound"	"pdgmType"	"afar"	
"compound"	"pdgmType"	"beja"	"beniamer"
"compound"	"pdgmType"	"sidaama"	
"compound"	"pdgmType"	"somali"	"standard"
"compound"	"tokenType"	"beja"	"arteiga"
"compound"	"tokenType"	"oromo"	
"compound"	"verbMorphClass"	"yaaku"	
"compoundIntransitive"	"conjClass"	"afar"	
"compoundStative"	"conjClass"	"afar"	
"compoundTransitive"	"conjClass"	"afar"	
"compoundVerbs"	"verbMorphClass"	"bilin"	
"concessive"	"selCat"	"iraqw"	
"concessive"	"selMood"	"iraqw"	
"concessive"	"tam"	"rendille"	
"cond1"	"tam"	"yemsa"	
"cond2"	"tam"	"yemsa"	
"conditional"	"clauseConjugation"	"coptic"	"sahidic"
"conditional"	"clauseType"	"maale"	
"conditional"	"mood"	"shinassha"	
"conditional"	"mood"	"yemsa"	
"conditional"	"selCat"	"iraqw"	
"conditional"	"selMood"	"iraqw"	
"conditional"	"tam"	"beja"	"beniamer"
"conditional"	"tam"	"beja"	"bishari"
"conditional"	"tam"	"beja"	"hadendowa"
"conditional"	"tam"	"coptic"	"sahidic"
"conditional"	"tam"	"oromo"	
"conditional"	"tam"	"shinassha"	
"conditional"	"tam"	"somali"	"standard"
"conditional1"	"tam"	"afar"	
"conditional1"	"tam"	"khamtanga"	
"conditional2"	"tam"	"afar"	
"conditional2"	"tam"	"khamtanga"	
"conditional3"	"tam"	"khamtanga"	
"conditionalPerfect"	"tam"	"beja"	"beniamer"
"conditionalPerfect"	"tam"	"beja"	"hadendowa"
"conditionalPredicative"	"tam"	"beja"	"hadendowa"
"conditionalPresent"	"tam"	"beja"	"beniamer"
"conj1"	"conjClass"	"iraqw"	
"conj1"	"conjClass"	"koorete"	
"conj1"	"conjClass"	"shinassha"	
"conj1"	"conjClass"	"yemsa"	
"conj2"	"conjClass"	"iraqw"	
"conj2"	"conjClass"	"koorete"	
"conj2"	"conjClass"	"shinassha"	
"conj2"	"conjClass"	"yemsa"	
"conj2a"	"conjClass"	"iraqw"	
"conj2a"	"conjClass"	"yemsa"	
"conj2b"	"conjClass"	"iraqw"	
"conj3"	"conjClass"	"iraqw"	
"conj3"	"conjClass"	"shinassha"	
"conj3"	"conjClass"	"yemsa"	
"conj3a"	"conjClass"	"iraqw"	
"conj3a"	"conjClass"	"yemsa"	
"conj3b"	"conjClass"	"iraqw"	
"conj3b"	"conjClass"	"yemsa"	
"conj3c"	"conjClass"	"iraqw"	
"conj3d"	"conjClass"	"iraqw"	
"conj3e"	"conjClass"	"iraqw"	
"conj4"	"conjClass"	"shinassha"	
"conj5"	"conjClass"	"shinassha"	
"conjA"	"conjClass"	"tsamakko"	
"conjA-conjBComparison"	"verbMorphClass"	"tsamakko"	
"conjB"	"conjClass"	"tsamakko"	
"conjClass"	"mood"	"shinassha"	
"conjClass"	"tam"	"shinassha"	
"conjPattern"	"verbMorphClass"	"yemsa"	
"conjugation1"	"conjClass"	"bayso"	
"conjugation1"	"conjClass"	"bilin"	
"conjugation1"	"conjClass"	"khamtanga"	
"conjugation2"	"conjClass"	"bayso"	
"conjugation2"	"conjClass"	"bilin"	
"conjugation2"	"conjClass"	"khamtanga"	
"conjugation3"	"conjClass"	"bayso"	
"conjugation3"	"conjClass"	"bilin"	
"conjugation3"	"conjClass"	"khamtanga"	
"conjugation4"	"conjClass"	"bayso"	
"conjugation4"	"conjClass"	"khamtanga"	
"conjugation5a"	"conjClass"	"khamtanga"	
"conjugation5b"	"conjClass"	"khamtanga"	
"conjunctive"	"participle"	"beja"	"arteiga"
"conjunctive"	"tam"	"coptic"	"sahidic"
"conjunctive"	"tenseName"	"saho"	
"connective"	"configuration"	"sidaama"	
"connective"	"tam"	"sidaama"	
"consecutive"	"selCat"	"iraqw"	
"consecutive"	"selTense"	"iraqw"	
"consecutive"	"tam"	"khamtanga"	
"consecutive"	"tam"	"tsamakko"	
"consecutive"	"tense1"	"gawwada"	
"consecutive2"	"selCat"	"iraqw"	
"consecutive2"	"selTense"	"iraqw"	
"consonant"	"stemClass"	"khamtanga"	
"consonant"	"stemFin"	"beja"	"beniamer"
"constr"	"state"	"arabic"	
"construct"	"imperativeForm"	"coptic"	"sahidic"
"construct"	"infinitiveForm"	"coptic"	"sahidic"
"continuous"	"tam"	"sidaama"	
"contracting"	"subconjClass"	"arbore"	
"contrafactual"	"tam"	"afar"	
"contrafactualStative"	"tam"	"afar"	
"converb"	"clauseType"	"awngi"	
"converb"	"tam"	"alaaba"	
"converb"	"tam"	"awngi"	
"converb1"	"clauseType"	"maale"	
"converb2"	"clauseType"	"maale"	
"converb3"	"clauseType"	"maale"	
"converbCoRef"	"tam"	"alaaba"	
"converbDifRef"	"tam"	"alaaba"	
"cooperative"	"dervStem"	"beja"	"beniamer"
"copA"	"copForm"	"yaaku"	
"copAn"	"morphClass"	"beja"	"beniamer"
"copAn"	"pdgmSubType"	"beja"	"beniamer"
"copB"	"copForm"	"yaaku"	
"copLoc"	"copType"	"bilin"	
"copLoc"	"verbMorphClass"	"yaaku"	
"copMain"	"copType"	"bilin"	
"copPossession"	"pdgmSubType"	"elmolo"	
"coptic"	"lang"	"coptic"	"sahidic"
"copula"	"pdgmSubType"	"beja"	"arteiga"
"copula"	"pdgmSubType"	"kemant"	
"copula"	"pdgmSubType"	"oromo"	
"copula"	"selBE"	"iraqw"	
"copula"	"tam"	"saho"	
"copula"	"type"	"boni"	"kilii"
"copula"	"verbMorphClass"	"alaaba"	
"copula"	"verbMorphClass"	"bayso"	
"copula"	"verbMorphClass"	"bilin"	
"copula"	"verbMorphClass"	"boni"	"kilii"
"copula"	"verbMorphClass"	"shinassha"	
"copula"	"verbMorphClass"	"yaaku"	
"copulaExist"	"verbMorphClass"	"khamtanga"	
"d-subordinate"	"tam"	"kemant"	
"dExtClass"	"extended"	"dhaasanac"	
"dahalo"	"lang"	"dahalo"	
"datInd"	"proClass"	"beja"	"bishari"
"dative"	"case"	"akkadian"	"OB"
"dative"	"case"	"alaaba"	
"dative"	"case"	"hebrew"	
"dative"	"case"	"koorete"	
"dative"	"case"	"maale"	
"dative"	"case"	"shinassha"	
"dative"	"case"	"tsamakko"	
"dative"	"case"	"wolaytta"	
"dative"	"case"	"yemsa"	
"dawr"	"pdgmLexLabel"	"gawwada"	
"deAdjectival"	"type"	"boni"	"kilii"
"declarative"	"clauseType"	"maale"	
"declarative"	"focus"	"koorete"	
"defClass1"	"defClass"	"beja"	"arteiga"
"defClass2"	"defClass"	"beja"	"arteiga"
"defClass3"	"defClass"	"beja"	"arteiga"
"defMarker"	"proClass"	"beja"	"arteiga"
"defMarker"	"proClass"	"tsamakko"	
"defective"	"focus"	"burji"	
"definite"	"aspect"	"yaaku"	
"definite"	"defClass"	"arbore"	
"definite"	"defClass"	"awngi"	
"definite"	"defClass"	"khamtanga"	
"definite"	"tam"	"awngi"	
"deictic"	"proClass"	"arbore"	
"deleted"	"headNoun"	"yaaku"	
"demAdnom"	"proClass"	"sidaama"	
"demAdv"	"proClass"	"sidaama"	
"demAreaAdnom"	"proClass"	"sidaama"	
"demFar"	"conjClass"	"yaaku"	
"demNear"	"conjClass"	"yaaku"	
"demPro"	"proClass"	"koorete"	
"demRef"	"conjClass"	"yaaku"	
"demSpec"	"proClass"	"sidaama"	
"demSpecAdv"	"proClass"	"sidaama"	
"demonstrative"	"cliticType"	"rendille"	
"demonstrative"	"proClass"	"akkadian"	"OB"
"demonstrative"	"proClass"	"arabic"	
"demonstrative"	"proClass"	"beja"	"arteiga"
"demonstrative"	"proClass"	"burji"	
"demonstrative"	"proClass"	"gedeo"	
"demonstrative"	"proClass"	"hadiyya"	
"demonstrative"	"proClass"	"hebrew"	
"demonstrative"	"proClass"	"kambaata"	
"demonstrative"	"proClass"	"khamtanga"	
"demonstrative"	"proClass"	"koorete"	
"demonstrative"	"proClass"	"sidaama"	
"demonstrative"	"proClass"	"syriac"	
"demonstrative"	"proClass"	"tsamakko"	
"demonstrative"	"proClass"	"yaaku"	
"demonstrativeNear"	"morphClass"	"coptic"	"sahidic"
"demonstrativeRemote"	"morphClass"	"coptic"	"sahidic"
"denominal"	"dervStem"	"burji"	
"denominal"	"dervStem"	"maale"	
"denominalDeadjectival"	"dervStem"	"sidaama"	
"denominativeFromNClass1"	"dervStem"	"wolaytta"	
"denominativeFromNClass2"	"dervStem"	"wolaytta"	
"denominativeFromNClass3"	"dervStem"	"wolaytta"	
"dependent"	"proClass"	"egyptian"	"middle"
"dependent"	"selBE"	"iraqw"	
"dependent"	"tam"	"dhaasanac"	
"dependentConditional"	"tam"	"gedeo"	
"dependentPurposive"	"tam"	"gedeo"	
"dervPatterns"	"pdgmSubType"	"dhaasanac"	
"dervStem"	"pdgmSubType"	"kemant"	
"dervStem"	"verbMorphClass"	"alaaba"	
"dervStem"	"verbMorphClass"	"bayso"	
"dervStem"	"verbMorphClass"	"burji"	
"dervStem"	"verbMorphClass"	"elmolo"	
"dervStem"	"verbMorphClass"	"gawwada"	
"dervStem"	"verbMorphClass"	"hadiyya"	
"dervStem"	"verbMorphClass"	"hebrew"	
"dervStem"	"verbMorphClass"	"kambaata"	
"dervStem"	"verbMorphClass"	"koorete"	
"dervStem"	"verbMorphClass"	"maale"	
"dervStem"	"verbMorphClass"	"shinassha"	
"dervStem"	"verbMorphClass"	"sidaama"	
"dervStem"	"verbMorphClass"	"wolaytta"	
"dervStem"	"verbMorphClass"	"yaaku"	
"dervStem"	"verbMorphClass"	"yemsa"	
"dervStemForm"	"pdgmType"	"beja"	"beniamer"
"dervStemForm"	"verbMorphClass"	"beja"	"hadendowa"
"dervStemFormation"	"verbMorphClass"	"tsamakko"	
"dervStemMarker"	"verbMorphClass"	"dhaasanac"	
"dervStemSuff"	"verbMorphClass"	"iraqw"	
"dervSuff"	"cliticType"	"boni"	"jara"
"dervSuff"	"cliticType"	"boni"	"kilii"
"dervSuff"	"verbMorphClass"	"bilin"	
"des1"	"tam"	"yemsa"	
"des2"	"tam"	"yemsa"	
"desiderative"	"clauseType"	"awngi"	
"desiderative"	"mood"	"shinassha"	
"desiderative"	"mood"	"wolaytta"	
"desiderative"	"mood"	"yemsa"	
"desiderative"	"tam"	"yemsa"	
"detransitivize"	"dervStem"	"alaaba"	
"dhaasanac"	"lang"	"dhaasanac"	
"dhaasanac"	"lang"	"dhaasanac"	"standard"
"dhaasanac"	"lang"	"somali"	"standard"
"dif"	"lexlabel"	"beja"	"hadendowa"
"diff"	"categ"	"tsamakko"	
"diffSubjSuff"	"verbMorphClass"	"alaaba"	
"dirAT"	"direction"	"sidaama"	
"dirFROM"	"direction"	"sidaama"	
"dirTO"	"direction"	"sidaama"	
"directive"	"case"	"shinassha"	
"directive"	"case"	"tsamakko"	
"directive"	"case"	"wolaytta"	
"directive"	"case"	"yemsa"	
"directive"	"selCat"	"iraqw"	
"distal"	"deixis"	"tsamakko"	
"distal2"	"deixis"	"tsamakko"	
"dubitative"	"tamStemForm"	"bayso"	
"dubitativePast"	"tam"	"bayso"	
"durative"	"clauseType"	"awngi"	
"durative"	"dervStem"	"iraqw"	
"e-a"	"ablautClass"	"hebrew"	
"e-stem"	"stemClass"	"arbore"	
"e-uClass"	"ablautClass"	"akkadian"	"OB"
"eCC"	"rootClass"	"akkadian"	"OB"
"eClass"	"ablautClass"	"akkadian"	"OB"
"eForm--invar"	"mainStem"	"afar"	
"ee-stem"	"stemClass"	"arbore"	
"eeb"	"pdgmLexLabel"	"alaaba"	
"egyptian"	"lang"	"egyptian"	"middle"
"elmolo"	"lang"	"elmolo"	
"emphatic"	"case"	"afar"	
"emphatic"	"case"	"saho"	
"emphatic"	"dervStemAug"	"beja"	"beniamer"
"emphatic"	"emphatic"	"dhaasanac"	
"emphatic-m"	"case"	"afar"	
"equative"	"postposition"	"beja"	"arteiga"
"exclusive"	"cohesion"	"dhaasanac"	
"exclusive"	"cohesion"	"rendille"	
"exemplary"	"pdgmType"	"alaaba"	
"exemplary"	"pdgmType"	"arbore"	
"exemplary"	"pdgmType"	"burji"	
"exemplary"	"pdgmType"	"dhaasanac"	
"exemplary"	"pdgmType"	"kemant"	
"exemplary"	"pdgmType"	"khamtanga"	
"existence"	"copType"	"oromo"	
"existence"	"verbMorphClass"	"shinassha"	
"existence"	"verbMorphClass"	"sidaama"	
"exit"	"case"	"yemsa"	
"exobligative"	"clauseType"	"awngi"	
"expectational"	"selCat"	"iraqw"	
"expectational"	"selTense"	"iraqw"	
"exx"	"verbMorphClass"	"gawwada"	
"f"	"genPoss"	"beja"	"hadendowa"
"f"	"genderCop"	"beja"	"bishari"
"f"	"genderHead"	"akkadian"	"OB"
"f"	"genderHead"	"alaaba"	
"f"	"genderHead"	"beja"	"atmaan"
"f"	"genderHead"	"beja"	"beniamer"
"f"	"genderHead"	"beja"	"bishari"
"f"	"genderHead"	"beja"	"hadendowa"
"f"	"genderHead"	"burji"	
"f"	"genderHead"	"coptic"	"sahidic"
"f"	"genderHead"	"gawwada"	
"f"	"genderHead"	"gedeo"	
"f"	"genderHead"	"khamtanga"	
"f"	"genderHeadRel"	"kemant"	
"f"	"genderN1"	"beja"	"hadendowa"
"f"	"genderN2"	"beja"	"hadendowa"
"f"	"genderObj"	"bayso"	
"f"	"genderObj"	"beja"	"atmaan"
"f"	"genderObj"	"tsamakko"	
"f"	"genderP1"	"beja"	"bishari"
"f"	"genderPoss"	"arbore"	
"f"	"genderPoss"	"beja"	"atmaan"
"f"	"genderPoss"	"beja"	"beniamer"
"f"	"genderPoss"	"beja"	"bishari"
"f"	"genderPoss"	"burji"	
"f"	"genderPoss"	"coptic"	"sahidic"
"f"	"genderPoss"	"gedeo"	
"f"	"genderPoss"	"khamtanga"	
"f"	"genderPoss"	"somali"	"standard"
"f"	"genderRef"	"wolaytta"	
"f"	"headGen"	"iraqw"	
"f"	"numberGender"	"bayso"	
"f"	"objectGender"	"coptic"	"sahidic"
"f"	"type"	"dahalo"	
"factitive1"	"dervStem"	"iraqw"	
"factitive2"	"dervStem"	"iraqw"	
"far"	"deixis"	"akkadian"	"OB"
"far"	"deixis"	"arabic"	
"far"	"deixis"	"arbore"	
"far"	"deixis"	"beja"	"arteiga"
"far"	"deixis"	"burji"	
"far"	"deixis"	"gedeo"	
"far"	"deixis"	"hadiyya"	
"far"	"deixis"	"hebrew"	
"far"	"deixis"	"iraqw"	
"far"	"deixis"	"kambaata"	
"far"	"deixis"	"khamtanga"	
"far"	"deixis"	"rendille"	
"far"	"deixis"	"syriac"	
"far"	"selector"	"dahalo"	
"farDist"	"deixis"	"koorete"	
"farMid"	"deixis"	"koorete"	
"fiiniy"	"pdgmLexLabel"	"shinassha"	
"final-i-e"	"patternClass"	"elmolo"	
"finite"	"verbType"	"dhaasanac"	
"finiteVerb"	"pdgmSubType"	"kemant"	
"foc"	"focus"	"rendille"	
"focus"	"cliticClass"	"boni"	"jara"
"focus"	"cliticClass"	"boni"	"kilii"
"focus"	"proClass"	"boni"	"jara"
"focus"	"verbClass"	"burji"	
"focusStructure"	"verbMorphClass"	"gawwada"	
"form1"	"dervStem"	"arabic"	
"form2"	"dervStem"	"arabic"	
"form3"	"dervStem"	"arabic"	
"formSet1"	"conjClass"	"yaaku"	
"formSet2"	"conjClass"	"yaaku"	
"formSet3"	"conjClass"	"yaaku"	
"formSet4"	"conjClass"	"yaaku"	
"formSet5"	"conjClass"	"yaaku"	
"formation"	"verbMorphClass"	"beja"	"hadendowa"
"free"	"focus"	"burji"	
"frequent"	"token-frequency"	"beja"	"atmaan"
"frequentative"	"dervCat"	"elmolo"	
"frequentative"	"dervStem"	"bilin"	
"full"	"clauseType"	"somali"	"standard"
"full"	"focus"	"burji"	
"full"	"form"	"iraqw"	
"fullReducedVariant"	"clauseType"	"somali"	"standard"
"future"	"participle"	"beja"	"arteiga"
"future"	"tam"	"bayso"	
"future"	"tam"	"beja"	"arteiga"
"future"	"tam"	"beja"	"atmaan"
"future"	"tam"	"beja"	"hadendowa"
"future"	"tam"	"bilin"	
"future"	"tam"	"coptic"	"sahidic"
"future"	"tam"	"khamtanga"	
"future"	"tam"	"shinassha"	
"future"	"tam"	"somali"	"standard"
"future"	"tam"	"tsamakko"	
"future"	"tam"	"wolaytta"	
"future"	"tam"	"yaaku"	
"future"	"tam"	"yemsa"	
"future"	"tense2"	"gawwada"	
"future1"	"tam"	"bayso"	
"future1"	"tam"	"beja"	"beniamer"
"future1"	"tam"	"beja"	"bishari"
"future1"	"tenseName"	"saho"	
"future2"	"tam"	"bayso"	
"future2"	"tam"	"beja"	"beniamer"
"future2"	"tam"	"beja"	"bishari"
"future2"	"tenseName"	"saho"	
"future2Var"	"tam"	"beja"	"beniamer"
"future3"	"tam"	"bayso"	
"future3"	"tam"	"beja"	"beniamer"
"future3"	"tam"	"coptic"	"sahidic"
"future3"	"tenseName"	"saho"	
"futureDefinite"	"tam"	"oromo"	
"futureIndefinite"	"tam"	"oromo"	
"futureIngressive"	"tam"	"yemsa"	
"futureIntensive"	"tam"	"burji"	
"futurePerfect"	"tam"	"oromo"	
"futurePerfect"	"tam"	"shinassha"	
"futurePerfect"	"tam"	"yemsa"	
"futureProgressive"	"tam"	"shinassha"	
"futureProgressive"	"tam"	"wolaytta"	
"futureProgressive"	"tam"	"yemsa"	
"futureProximate"	"tam"	"alaaba"	
"futureProximate1"	"tam"	"bayso"	
"futureProximate2"	"tam"	"bayso"	
"futurePunctual"	"tam"	"shinassha"	
"futurePunctual"	"tam"	"yemsa"	
"futurePunctualSub"	"tam"	"yemsa"	
"gaf"	"pdgmLexLabel"	"alaaba"	
"gawwada"	"lang"	"gawwada"	
"gedeo"	"lang"	"gedeo"	
"geez"	"lang"	"geez"	
"gemination"	"pluralClass"	"khamtanga"	
"genAcc"	"case"	"akkadian"	"OB"
"genAdjPart"	"nounMorphClass"	"beja"	"hadendowa"
"genBeforePossSuff"	"nounMorphClass"	"beja"	"hadendowa"
"genObj"	"case"	"arabic"	
"gen_PossPred"	"proClass"	"beja"	"hadendowa"
"gender"	"nounMorphClass"	"khamtanga"	
"general"	"tam"	"arbore"	
"general"	"tam"	"khamtanga"	
"generic"	"dervStem"	"tsamakko"	
"genitive"	"case"	"akkadian"	"OB"
"genitive"	"case"	"alaaba"	
"genitive"	"case"	"beja"	"hadendowa"
"genitive"	"case"	"sidaama"	
"genitive"	"case"	"syriac"	
"genitive"	"case"	"wolaytta"	
"genitive"	"case"	"yemsa"	
"genitive"	"caseHead"	"beja"	"bishari"
"gerPres"	"tam"	"yemsa"	
"gerPret"	"tam"	"yemsa"	
"gerund"	"mood"	"shinassha"	
"gerund"	"mood"	"wolaytta"	
"gerund"	"mood"	"yemsa"	
"gerund"	"nomForm"	"beja"	"hadendowa"
"gerund"	"nonFiniteForm"	"beja"	"hadendowa"
"gerund"	"nonFiniteForm"	"oromo"	
"gerund"	"tam"	"beja"	"hadendowa"
"gerund"	"tam"	"kemant"	
"gerund"	"tam"	"khamtanga"	
"gerund"	"tam"	"yemsa"	
"goal"	"cliticClass"	"boni"	"jara"
"goal"	"cliticClass"	"boni"	"kilii"
"group1"	"rootStructure"	"maale"	
"group2"	"rootStructure"	"maale"	
"hCC"	"rootClass"	"hebrew"	
"hFin"	"stemClass"	"beja"	"atmaan"
"habitual"	"aspect"	"boni"	"jara"
"habitual"	"aspect"	"boni"	"kilii"
"habitual"	"dervStem"	"iraqw"	
"habitual"	"dervStem"	"yemsa"	
"habitual"	"selector"	"dahalo"	
"habitual"	"tam"	"shinassha"	
"habitual"	"tense2"	"gawwada"	
"habitualPartialReduplication"	"dervStem"	"yaaku"	
"habitualTotalReduplication"	"dervStem"	"yaaku"	
"had-Class"	"stemAltClass"	"arbore"	
"hadendowa"	"langVar"	"beja"	"arteiga"
"hadendowa"	"langVar"	"beja"	"hadendowa"
"hadiyya"	"lang"	"hadiyya"	
"haishsh"	"pdgmLexLabel"	"sidaama"	
"hamzFin"	"stemClass"	"beja"	"atmaan"
"hamzInitVFin"	"stemClass"	"beja"	"atmaan"
"hank"	"pdgmLexLabel"	"sidaama"	
"have"	"verbMorphClass"	"yaaku"	
"heSuff"	"suffType"	"arbore"	
"headFollow"	"headPosition"	"beja"	"atmaan"
"headPl"	"numberGenderHead"	"bilin"	
"headPrecede"	"headPosition"	"beja"	"atmaan"
"headSgf"	"numberGenderHead"	"bilin"	
"headSgm"	"numberGenderHead"	"bilin"	
"hebrew"	"lang"	"hebrew"	
"hebrew"	"langComp"	"beja"	"beniamer"
"here"	"deixis"	"sidaama"	
"here"	"selector"	"dahalo"	
"hir"	"pdgmLexLabel"	"alaaba"	
"hither"	"imperativeClass"	"iraqw"	
"hither"	"selBE"	"iraqw"	
"hitherObj"	"imperativeClass"	"iraqw"	
"hocc"	"pdgmLexLabel"	"alaaba"	
"how"	"interrClass"	"burji"	
"how"	"interrClass"	"gedeo"	
"how"	"interrClass"	"hadiyya"	
"how"	"interrClass"	"kambaata"	
"how_many"	"interrClass"	"burji"	
"how_many"	"interrClass"	"gedeo"	
"how_many"	"interrClass"	"hadiyya"	
"how_many"	"interrClass"	"kambaata"	
"hypothNonActual"	"tam"	"gedeo"	
"hypothNonPres"	"tam"	"gedeo"	
"hypothetical"	"mood"	"wolaytta"	
"hypothetical"	"tam"	"afar"	
"i-Form"	"tam"	"afar"	
"i-stem"	"stemClass"	"arbore"	
"iClass"	"ablautClass"	"akkadian"	"OB"
"id"	"proType"	"burji"	
"ident"	"subjIdent"	"arbore"	
"immediate"	"clauseType"	"awngi"	
"imperative"	"clauseType"	"maale"	
"imperative"	"mainStem"	"afar"	
"imperative"	"mood"	"arabic"	
"imperative"	"mood"	"beja"	"hadendowa"
"imperative"	"tam"	"afar"	
"imperative"	"tam"	"akkadian"	"OB"
"imperative"	"tam"	"alaaba"	
"imperative"	"tam"	"arbore"	
"imperative"	"tam"	"awngi"	
"imperative"	"tam"	"bayso"	
"imperative"	"tam"	"beja"	"arteiga"
"imperative"	"tam"	"beja"	"atmaan"
"imperative"	"tam"	"beja"	"beniamer"
"imperative"	"tam"	"beja"	"bishari"
"imperative"	"tam"	"beja"	"hadendowa"
"imperative"	"tam"	"bilin"	
"imperative"	"tam"	"boni"	
"imperative"	"tam"	"boni"	"jara"
"imperative"	"tam"	"boni"	"kilii"
"imperative"	"tam"	"burji"	
"imperative"	"tam"	"coptic"	"sahidic"
"imperative"	"tam"	"dahalo"	
"imperative"	"tam"	"dhaasanac"	
"imperative"	"tam"	"elmolo"	
"imperative"	"tam"	"gedeo"	
"imperative"	"tam"	"geez"	
"imperative"	"tam"	"hadiyya"	
"imperative"	"tam"	"hebrew"	
"imperative"	"tam"	"iraqw"	
"imperative"	"tam"	"kambaata"	
"imperative"	"tam"	"kemant"	
"imperative"	"tam"	"khamtanga"	
"imperative"	"tam"	"oromo"	
"imperative"	"tam"	"rendille"	
"imperative"	"tam"	"saho"	
"imperative"	"tam"	"shinassha"	
"imperative"	"tam"	"sidaama"	
"imperative"	"tam"	"somali"	"standard"
"imperative"	"tam"	"tsamakko"	
"imperative"	"tam"	"yaaku"	
"imperative"	"tam"	"yemsa"	
"imperative"	"tense1"	"gawwada"	
"imperative--p2Only"	"tam"	"afar"	
"imperativeJussive"	"tam"	"bayso"	
"imperativeJussive1"	"tam"	"beja"	"atmaan"
"imperativeJussive2"	"tam"	"beja"	"atmaan"
"imperativeJussive3"	"tam"	"beja"	"atmaan"
"imperativeNegative"	"clauseType"	"sidaama"	
"imperativeOptative"	"tam"	"koorete"	
"imperfect"	"mainStem"	"afar"	
"imperfect"	"tam"	"afar"	
"imperfect"	"tam"	"arbore"	
"imperfect"	"tam"	"awngi"	
"imperfect"	"tam"	"boni"	
"imperfect"	"tam"	"boni"	"jara"
"imperfect"	"tam"	"boni"	"kilii"
"imperfect"	"tam"	"burji"	
"imperfect"	"tam"	"coptic"	"sahidic"
"imperfect"	"tam"	"dhaasanac"	
"imperfect"	"tam"	"elmolo"	
"imperfect"	"tam"	"hadiyya"	
"imperfect"	"tam"	"hebrew"	
"imperfect"	"tam"	"kambaata"	
"imperfect"	"tam"	"rendille"	
"imperfect"	"tam"	"saho"	
"imperfect"	"tam"	"sidaama"	
"imperfect"	"tam"	"tsamakko"	
"imperfect"	"tam"	"wolaytta"	
"imperfect"	"tam"	"yemsa"	
"imperfect"	"tamStemForm"	"bayso"	
"imperfect"	"tenseHead"	"hebrew"	
"imperfect"	"type"	"beja"	"beniamer"
"imperfect-m"	"mainStem"	"afar"	
"imperfectActual"	"tam"	"gedeo"	
"imperfectAnticipatory"	"tam"	"afar"	
"imperfectComp"	"tam"	"bayso"	
"imperfectFuture"	"tam"	"gedeo"	
"imperfectFuture"	"tam"	"shinassha"	
"imperfectGeneral"	"tam"	"bayso"	
"imperfectInni"	"tam"	"saho"	
"imperfectLi"	"tam"	"saho"	
"imperfectM"	"tam"	"saho"	
"imperfectMa"	"tam"	"saho"	
"imperfectNegative"	"tenseName"	"saho"	
"imperfectNonActual"	"tam"	"gedeo"	
"imperfectNonPresent"	"tam"	"gedeo"	
"imperfectNonPresent2"	"tam"	"gedeo"	
"imperfectParticiple"	"mainStem"	"afar"	
"imperfectPast"	"tam"	"bayso"	
"imperfectPast1"	"tam"	"afar"	
"imperfectPast2"	"tam"	"afar"	
"imperfectPresent"	"tam"	"afar"	
"imperfectPresent"	"tam"	"bayso"	
"imperfectPresent"	"tam"	"shinassha"	
"imperfectPreterite"	"tam"	"shinassha"	
"imperfectProbable1"	"tam"	"afar"	
"imperfectProbable2"	"tam"	"afar"	
"imperfectProgressive"	"tam"	"burji"	
"imperfectSimple"	"tam"	"bayso"	
"imperfectSubordinate"	"tenseName"	"saho"	
"imperfective"	"aspect"	"arabic"	
"imperfective"	"aspect"	"bilin"	
"imperfective"	"aspect"	"dahalo"	
"imperfective"	"aspect"	"kemant"	
"imperfective"	"aspect"	"maale"	
"imperfective"	"aspect"	"sidaama"	
"imperfective"	"tam"	"alaaba"	
"imperfective"	"tam"	"kemant"	
"imperfective"	"tense1"	"gawwada"	
"imperfectiveFuture"	"aspect"	"maale"	
"imperfectivePresent"	"aspect"	"maale"	
"impersonal"	"persSubj"	"iraqw"	
"imprtvOverview"	"verbMorphClass"	"beja"	"atmaan"
"inceptive"	"dervStem"	"gawwada"	
"inceptive"	"dervStem"	"tsamakko"	
"inceptive"	"tam"	"elmolo"	
"inchoative"	"dervStem"	"alaaba"	
"inchoative"	"dervStem"	"arbore"	
"inchoative"	"dervStem"	"dhaasanac"	
"inchoative"	"dervStem"	"iraqw"	
"inchoative"	"dervStem"	"koorete"	
"inchoative"	"dervStem"	"maale"	
"inchoativization"	"dervStemAug"	"bayso"	
"inclusive"	"cohesion"	"dhaasanac"	
"inclusive"	"cohesion"	"rendille"	
"indObl"	"proClass"	"beja"	"bishari"
"indefinite"	"aspect"	"yaaku"	
"indefinite"	"cliticType"	"rendille"	
"indefinite"	"defClass"	"arbore"	
"indefinite"	"defClass"	"awngi"	
"indefinite"	"defClass"	"khamtanga"	
"indepCase"	"proClass"	"shinassha"	
"indepCase"	"proClass"	"wolaytta"	
"independent"	"case"	"saho"	
"independent"	"proClass"	"afar"	
"independent"	"proClass"	"akkadian"	"OB"
"independent"	"proClass"	"arabic"	
"independent"	"proClass"	"arbore"	
"independent"	"proClass"	"bayso"	
"independent"	"proClass"	"beja"	"arteiga"
"independent"	"proClass"	"beja"	"atmaan"
"independent"	"proClass"	"beja"	"beniamer"
"independent"	"proClass"	"beja"	"bishari"
"independent"	"proClass"	"beja"	"hadendowa"
"independent"	"proClass"	"bilin"	
"independent"	"proClass"	"boni"	"jara"
"independent"	"proClass"	"burji"	
"independent"	"proClass"	"coptic"	"sahidic"
"independent"	"proClass"	"dahalo"	
"independent"	"proClass"	"dhaasanac"	
"independent"	"proClass"	"egyptian"	"middle"
"independent"	"proClass"	"elmolo"	
"independent"	"proClass"	"gawwada"	
"independent"	"proClass"	"gedeo"	
"independent"	"proClass"	"hadiyya"	
"independent"	"proClass"	"hebrew"	
"independent"	"proClass"	"iraqw"	
"independent"	"proClass"	"kambaata"	
"independent"	"proClass"	"kemant"	
"independent"	"proClass"	"oromo"	
"independent"	"proClass"	"rendille"	
"independent"	"proClass"	"saho"	
"independent"	"proClass"	"shinassha"	
"independent"	"proClass"	"sidaama"	
"independent"	"proClass"	"somali"	"standard"
"independent"	"proClass"	"syriac"	
"independent"	"proClass"	"tsamakko"	
"independent"	"proClass"	"wolaytta"	
"independent"	"proClass"	"yaaku"	
"independent"	"proClass"	"yemsa"	
"independent"	"selBE"	"iraqw"	
"independent1"	"proClass"	"khamtanga"	
"independent2"	"proClass"	"khamtanga"	
"independentPersonal"	"proClass"	"beja"	"atmaan"
"independentPossessive"	"proClass"	"beja"	"beniamer"
"indicative"	"mood"	"arabic"	
"indicative"	"mood"	"arbore"	
"indicative"	"mood"	"iraqw"	
"indicative"	"mood"	"shinassha"	
"indicative"	"mood"	"wolaytta"	
"indicative"	"mood"	"yemsa"	
"indirect"	"case"	"yaaku"	
"iness"	"case"	"yemsa"	
"infinitive"	"finiteForm"	"bilin"	
"infinitive"	"finiteForm"	"kemant"	
"infinitive"	"mood"	"shinassha"	
"infinitive"	"mood"	"wolaytta"	
"infinitive"	"morphClass"	"coptic"	"sahidic"
"infinitive"	"nonFiniteForm"	"arbore"	
"infinitive"	"nonFiniteForm"	"oromo"	
"infinitive"	"nonFiniteForm"	"somali"	"standard"
"infinitive"	"tam"	"afar"	
"infinitive"	"tam"	"alaaba"	
"infinitive"	"tam"	"beja"	"bishari"
"infinitive"	"tam"	"boni"	
"infinitive"	"tam"	"boni"	"jara"
"infinitive"	"tam"	"boni"	"kilii"
"infinitive"	"tam"	"burji"	
"infinitive"	"tam"	"yemsa"	
"infinitive"	"tense1"	"gawwada"	
"infinitive"	"verbMorphClass"	"arabic"	
"infinitive"	"verbMorphClass"	"iraqw"	
"infinitive-me"	"infinitiveClass"	"arbore"	
"infinitive-um"	"infinitiveClass"	"arbore"	
"infinitive1"	"infinitiveVar"	"arabic"	
"infinitive1"	"infinitivetoken"	"arabic"	
"infinitive2"	"infinitiveVar"	"arabic"	
"infinitive2"	"infinitivetoken"	"arabic"	
"infinitiveCompCaus"	"morphClass"	"coptic"	"sahidic"
"infinitiveConj"	"configuration"	"sidaama"	
"infinitiveConj"	"tam"	"sidaama"	
"infinitiveConn"	"configuration"	"sidaama"	
"infinitiveConn"	"tam"	"sidaama"	
"infinitiveInflect"	"mood"	"shinassha"	
"infinitiveSub"	"tam"	"sidaama"	
"inflClass"	"verbMorphClass"	"shinassha"	
"inflectedInfiitive"	"tam"	"coptic"	"sahidic"
"inflectionTemplate"	"verbMorphClass"	"maale"	
"ingressive"	"dervStem"	"gawwada"	
"injunct"	"tam"	"coptic"	"sahidic"
"instrumental"	"case"	"alaaba"	
"instrumental"	"case"	"koorete"	
"instrumental"	"case"	"maale"	
"instrumental"	"dervCat"	"elmolo"	
"instrumental"	"nonFiniteForm"	"khamtanga"	
"instrumental"	"selCat"	"iraqw"	
"instrumental"	"selector"	"dahalo"	
"intensive"	"dervStem"	"beja"	"atmaan"
"intensive"	"dervStem"	"beja"	"hadendowa"
"intensive"	"dervStem"	"gawwada"	
"intensive"	"dervStem"	"maale"	
"intensive"	"dervStemAug"	"beja"	"arteiga"
"intensive"	"dervStemAug"	"beja"	"atmaan"
"intensive"	"dervStemAug"	"dhaasanac"	
"intensive"	"extended"	"dhaasanac"	
"intensive"	"stemType"	"beja"	"beniamer"
"intensive1"	"morphClass"	"coptic"	"sahidic"
"intensive2"	"morphClass"	"coptic"	"sahidic"
"intensive3"	"morphClass"	"coptic"	"sahidic"
"intention"	"verbMorphClass"	"beja"	"atmaan"
"intentive"	"tam"	"afar"	
"interrDubitative"	"clauseType"	"maale"	
"interrGen"	"categ"	"tsamakko"	
"interrNonPolar"	"clauseType"	"maale"	
"interrPerm"	"aspect"	"maale"	
"interrPolar"	"clauseType"	"maale"	
"interrSubjMarker"	"verbMorphClass"	"shinassha"	
"interrWh"	"categ"	"tsamakko"	
"interrogative"	"cliticType"	"rendille"	
"interrogative"	"focus"	"koorete"	
"interrogative"	"mood"	"wolaytta"	
"interrogative"	"pdgmSubType"	"kemant"	
"interrogative"	"polarity"	"gedeo"	
"interrogative"	"polarity"	"hadiyya"	
"interrogative"	"proClass"	"beja"	"hadendowa"
"interrogative"	"proClass"	"burji"	
"interrogative"	"proClass"	"gedeo"	
"interrogative"	"proClass"	"hadiyya"	
"interrogative"	"proClass"	"kambaata"	
"interrogative"	"proClass"	"khamtanga"	
"interrogative"	"proClass"	"koorete"	
"interrogative"	"proClass"	"sidaama"	
"interrogative"	"selCat"	"iraqw"	
"interrogative"	"verbClass"	"burji"	
"interrogative"	"verbMorphClass"	"shinassha"	
"interrogativeDiff"	"proClass"	"tsamakko"	
"intransitive"	"dervCat"	"elmolo"	
"intransitive"	"dervStem"	"yaaku"	
"intransitive"	"stemType"	"beja"	"beniamer"
"intransitive"	"transitivity"	"coptic"	"sahidic"
"invariable"	"conjClass"	"yaaku"	
"invariable"	"numPersGender"	"somali"	"standard"
"invariable"	"polarity"	"elmolo"	
"invariable"	"rootClass"	"beja"	"arteiga"
"invariable"	"tam"	"elmolo"	
"iraqw"	"lang"	"iraqw"	
"irrealis"	"mood"	"shinassha"	
"irrealis"	"selector"	"dahalo"	
"irrealis"	"tam"	"yemsa"	
"irreg"	"conjClass"	"burji"	
"irreg"	"conjClass"	"iraqw"	
"irreg1-2"	"patternClass"	"arbore"	
"irregular"	"conjClass"	"beja"	"atmaan"
"irregular"	"conjClass"	"saho"	
"irregular"	"conjSubType"	"rendille"	
"irregular"	"conjType"	"beja"	"arteiga"
"is-Class"	"stemAltClass"	"arbore"	
"it"	"pdgmLexLabel"	"sidaama"	
"iterative"	"dervStem"	"alaaba"	
"iterative"	"dervStem"	"shinassha"	
"iterative"	"dervStem"	"wolaytta"	
"iterative"	"dervStem"	"yemsa"	
"iterative_causative"	"dervStem"	"wolaytta"	
"jara"	"langVar"	"boni"	"jara"
"jussive"	"mainStem"	"afar"	
"jussive"	"mood"	"arabic"	
"jussive"	"mood"	"shinassha"	
"jussive"	"tam"	"afar"	
"jussive"	"tam"	"arbore"	
"jussive"	"tam"	"bayso"	
"jussive"	"tam"	"beja"	"arteiga"
"jussive"	"tam"	"beja"	"atmaan"
"jussive"	"tam"	"beja"	"beniamer"
"jussive"	"tam"	"bilin"	
"jussive"	"tam"	"burji"	
"jussive"	"tam"	"dahalo"	
"jussive"	"tam"	"geez"	
"jussive"	"tam"	"hadiyya"	
"jussive"	"tam"	"hebrew"	
"jussive"	"tam"	"kambaata"	
"jussive"	"tam"	"kemant"	
"jussive"	"tam"	"khamtanga"	
"jussive"	"tam"	"oromo"	
"jussive"	"tam"	"saho"	
"jussive"	"tam"	"shinassha"	
"jussive"	"tam"	"tsamakko"	
"jussive"	"tam"	"wolaytta"	
"jussive"	"tam"	"yemsa"	
"jussive"	"tense1"	"gawwada"	
"jussive"	"tenseHead"	"hebrew"	
"jussive2"	"tam"	"kemant"	
"jussiveKi"	"tam"	"saho"	
"jussiveLi"	"tam"	"saho"	
"jussiveMa"	"tam"	"saho"	
"jussiveNegative"	"tenseName"	"saho"	
"k-Focus"	"focusType"	"gawwada"	
"kah"	"pdgmLexLabel"	"iraqw"	
"kambaata"	"lang"	"kambaata"	
"ke"	"pdgmLexLabel"	"alaaba"	
"ke"	"pdgmLexLabel"	"yaaku"	
"kemant"	"lang"	"bilin"	
"kemant"	"lang"	"kemant"	
"khamtanga"	"lang"	"khamtanga"	
"kilii"	"langVar"	"boni"	"kilii"
"kinship"	"stemClass"	"khamtanga"	
"koorete"	"lang"	"koorete"	
"korj"	"pdgmLexLabel"	"alaaba"	
"lamedSuff"	"proClass"	"hebrew"	
"lexid"	"ns#type"	"afar"	
"lexid"	"ns#type"	"akkadian"	"OB"
"lexid"	"ns#type"	"alaaba"	
"lexid"	"ns#type"	"arabic"	
"lexid"	"ns#type"	"arbore"	
"lexid"	"ns#type"	"awngi"	
"lexid"	"ns#type"	"bayso"	
"lexid"	"ns#type"	"beja"	"arteiga"
"lexid"	"ns#type"	"beja"	"atmaan"
"lexid"	"ns#type"	"beja"	"beniamer"
"lexid"	"ns#type"	"beja"	"bishari"
"lexid"	"ns#type"	"beja"	"hadendowa"
"lexid"	"ns#type"	"bilin"	
"lexid"	"ns#type"	"boni"	"jara"
"lexid"	"ns#type"	"boni"	"kilii"
"lexid"	"ns#type"	"burji"	
"lexid"	"ns#type"	"coptic"	"sahidic"
"lexid"	"ns#type"	"dahalo"	
"lexid"	"ns#type"	"dhaasanac"	
"lexid"	"ns#type"	"elmolo"	
"lexid"	"ns#type"	"gawwada"	
"lexid"	"ns#type"	"gedeo"	
"lexid"	"ns#type"	"geez"	
"lexid"	"ns#type"	"hadiyya"	
"lexid"	"ns#type"	"hebrew"	
"lexid"	"ns#type"	"iraqw"	
"lexid"	"ns#type"	"kambaata"	
"lexid"	"ns#type"	"kemant"	
"lexid"	"ns#type"	"khamtanga"	
"lexid"	"ns#type"	"koorete"	
"lexid"	"ns#type"	"maale"	
"lexid"	"ns#type"	"oromo"	
"lexid"	"ns#type"	"rendille"	
"lexid"	"ns#type"	"saho"	
"lexid"	"ns#type"	"shinassha"	
"lexid"	"ns#type"	"sidaama"	
"lexid"	"ns#type"	"somali"	"standard"
"lexid"	"ns#type"	"tsamakko"	
"lexid"	"ns#type"	"wolaytta"	
"lexid"	"ns#type"	"yaaku"	
"lexid"	"ns#type"	"yemsa"	
"loSuff"	"suffType"	"arbore"	
"locative"	"case"	"khamtanga"	
"locative"	"case"	"shinassha"	
"locative"	"case"	"tsamakko"	
"locative"	"case"	"wolaytta"	
"locative"	"case"	"yemsa"	
"locative"	"postposition"	"beja"	"arteiga"
"locative"	"proClass"	"tsamakko"	
"locative"	"selBE"	"iraqw"	
"locative"	"selector"	"dahalo"	
"long"	"case"	"rendille"	
"long"	"extended"	"dhaasanac"	
"m"	"genPoss"	"beja"	"hadendowa"
"m"	"genderCop"	"beja"	"bishari"
"m"	"genderHead"	"akkadian"	"OB"
"m"	"genderHead"	"alaaba"	
"m"	"genderHead"	"beja"	"atmaan"
"m"	"genderHead"	"beja"	"beniamer"
"m"	"genderHead"	"beja"	"bishari"
"m"	"genderHead"	"beja"	"hadendowa"
"m"	"genderHead"	"burji"	
"m"	"genderHead"	"coptic"	"sahidic"
"m"	"genderHead"	"gawwada"	
"m"	"genderHead"	"gedeo"	
"m"	"genderHead"	"khamtanga"	
"m"	"genderHeadRel"	"kemant"	
"m"	"genderN1"	"beja"	"hadendowa"
"m"	"genderN2"	"beja"	"hadendowa"
"m"	"genderObj"	"bayso"	
"m"	"genderObj"	"beja"	"atmaan"
"m"	"genderObj"	"tsamakko"	
"m"	"genderP1"	"beja"	"bishari"
"m"	"genderPoss"	"arbore"	
"m"	"genderPoss"	"beja"	"atmaan"
"m"	"genderPoss"	"beja"	"beniamer"
"m"	"genderPoss"	"beja"	"bishari"
"m"	"genderPoss"	"burji"	
"m"	"genderPoss"	"coptic"	"sahidic"
"m"	"genderPoss"	"gedeo"	
"m"	"genderPoss"	"khamtanga"	
"m"	"genderPoss"	"somali"	"standard"
"m"	"genderRef"	"wolaytta"	
"m"	"headGen"	"iraqw"	
"m"	"numberGender"	"bayso"	
"m"	"objectGender"	"coptic"	"sahidic"
"m-Class"	"stemAltClass"	"arbore"	
"m-Extension"	"dervStemAug"	"bayso"	
"m-or-pl"	"type"	"dahalo"	
"ma"	"selectorGroup"	"arbore"	
"ma-requestive"	"mainStem"	"afar"	
"maStemInniCopula"	"tam"	"saho"	
"maale"	"lang"	"maale"	
"main"	"clauseConjugation"	"coptic"	"sahidic"
"main"	"clauseType"	"alaaba"	
"main"	"clauseType"	"arbore"	
"main"	"clauseType"	"awngi"	
"main"	"clauseType"	"beja"	"hadendowa"
"main"	"clauseType"	"bilin"	
"main"	"clauseType"	"khamtanga"	
"main"	"clauseType"	"oromo"	
"main"	"clauseType"	"rendille"	
"main"	"clauseType"	"somali"	"standard"
"mainGeneral"	"clauseType"	"sidaama"	
"make"	"deAdjClass"	"boni"	"kilii"
"mana"	"selectorGroup"	"arbore"	
"mar"	"pdgmLexLabel"	"alaaba"	
"maso"	"selectorGroup"	"arbore"	
"medial"	"cliticClass"	"boni"	"jara"
"medial"	"cliticClass"	"boni"	"kilii"
"medial"	"deixis"	"rendille"	
"middle"	"dervStem"	"alaaba"	
"middle"	"dervStem"	"gawwada"	
"middle"	"dervStem"	"iraqw"	
"middle"	"dervStem"	"tsamakko"	
"middle"	"langVar"	"egyptian"	"middle"
"middleClass"	"dervStem"	"sidaama"	
"midway"	"deixis"	"iraqw"	
"mirative"	"modal"	"maale"	
"modClass"	"tamStemClass"	"beja"	"arteiga"
"monorad"	"verbMorphClass"	"shinassha"	
"monoradical"	"verbMorphClass"	"wolaytta"	
"monosyll"	"verbMorphClass"	"yemsa"	
"monosyllabic"	"templ"	"yemsa"	
"mood"	"pdgmType"	"beja"	"atmaan"
"mood"	"verbMorphClass"	"beja"	"atmaan"
"multi"	"numRef"	"bayso"	
"mà-imperfect"	"mainStem"	"afar"	
"mà-stem"	"mainStem"	"afar"	
"mà-stem-in--imperative"	"mainStem"	"afar"	
"má"	"selectorGroup"	"arbore"	
"mána"	"selectorGroup"	"arbore"	
"mán̅"	"selectorGroup"	"arbore"	
"máso"	"selectorGroup"	"arbore"	
"máy"	"selectorGroup"	"arbore"	
"n"	"prefixGroup"	"arbore"	
"n-subordinate"	"tam"	"kemant"	
"nCC"	"rootClass"	"akkadian"	"OB"
"nCC"	"rootClass"	"hebrew"	
"nasal"	"extended"	"dhaasanac"	
"naʌṣir"	"stem"	"arabic"	
"naṣiyr"	"stem"	"arabic"	
"near"	"deixis"	"akkadian"	"OB"
"near"	"deixis"	"arabic"	
"near"	"deixis"	"arbore"	
"near"	"deixis"	"beja"	"arteiga"
"near"	"deixis"	"burji"	
"near"	"deixis"	"gedeo"	
"near"	"deixis"	"hadiyya"	
"near"	"deixis"	"hebrew"	
"near"	"deixis"	"kambaata"	
"near"	"deixis"	"khamtanga"	
"near"	"deixis"	"rendille"	
"near"	"deixis"	"syriac"	
"near"	"selector"	"dahalo"	
"near1"	"deixis"	"iraqw"	
"near2"	"deixis"	"iraqw"	
"nearSpeaker"	"deixis"	"koorete"	
"negAux"	"verbMorphClass"	"beja"	"atmaan"
"negClass"	"tamStemClass"	"beja"	"arteiga"
"negCop"	"conjSubType"	"beja"	"atmaan"
"negCop"	"verbMorphClass"	"beja"	"atmaan"
"negationAffix"	"verbMorphClass"	"boni"	"jara"
"negative"	"participle"	"beja"	"arteiga"
"negative"	"polarity"	"afar"	
"negative"	"polarity"	"alaaba"	
"negative"	"polarity"	"arbore"	
"negative"	"polarity"	"awngi"	
"negative"	"polarity"	"bayso"	
"negative"	"polarity"	"beja"	"arteiga"
"negative"	"polarity"	"beja"	"atmaan"
"negative"	"polarity"	"beja"	"beniamer"
"negative"	"polarity"	"beja"	"bishari"
"negative"	"polarity"	"beja"	"hadendowa"
"negative"	"polarity"	"bilin"	
"negative"	"polarity"	"boni"	
"negative"	"polarity"	"boni"	"jara"
"negative"	"polarity"	"boni"	"kilii"
"negative"	"polarity"	"burji"	
"negative"	"polarity"	"coptic"	"sahidic"
"negative"	"polarity"	"dahalo"	
"negative"	"polarity"	"dhaasanac"	
"negative"	"polarity"	"elmolo"	
"negative"	"polarity"	"gawwada"	
"negative"	"polarity"	"gedeo"	
"negative"	"polarity"	"hadiyya"	
"negative"	"polarity"	"iraqw"	
"negative"	"polarity"	"kambaata"	
"negative"	"polarity"	"kemant"	
"negative"	"polarity"	"khamtanga"	
"negative"	"polarity"	"koorete"	
"negative"	"polarity"	"maale"	
"negative"	"polarity"	"oromo"	
"negative"	"polarity"	"rendille"	
"negative"	"polarity"	"saho"	
"negative"	"polarity"	"shinassha"	
"negative"	"polarity"	"sidaama"	
"negative"	"polarity"	"somali"	"standard"
"negative"	"polarity"	"tsamakko"	
"negative"	"polarity"	"wolaytta"	
"negative"	"polarity"	"yaaku"	
"negative"	"polarity"	"yemsa"	
"negative"	"proClasspolarity"	"gawwada"	
"negative"	"selector"	"dahalo"	
"negative2"	"polarity"	"somali"	"standard"
"negativeAffix"	"verbMorphClass"	"boni"	"kilii"
"negativeEmphatic"	"polarity"	"beja"	"beniamer"
"neut"	"prefixGroup"	"arbore"	
"neutral"	"focus"	"arbore"	
"neutral"	"tam"	"boni"	"kilii"
"newInfo"	"modal"	"maale"	
"noParticle"	"clauseMarker"	"burji"	
"nom"	"type"	"burji"	
"nom-gen"	"case"	"sidaama"	
"nomAgent"	"nomForm"	"beja"	"hadendowa"
"nomAgent"	"nonFiniteForm"	"beja"	"hadendowa"
"nomForm"	"verbMorphClass"	"beja"	"hadendowa"
"nom_obj"	"case"	"beja"	"arteiga"
"nominal"	"objectType"	"coptic"	"sahidic"
"nominalAction"	"nomForm"	"beja"	"hadendowa"
"nominalAction"	"nonFiniteForm"	"beja"	"atmaan"
"nominalAction"	"nonFiniteForm"	"beja"	"hadendowa"
"nominalAgent"	"nomForm"	"beja"	"hadendowa"
"nominalAgent"	"nonFiniteForm"	"beja"	"hadendowa"
"nominalizationPatterns"	"verbMorphClass"	"beja"	"atmaan"
"nominative"	"case"	"afar"	
"nominative"	"case"	"akkadian"	"OB"
"nominative"	"case"	"alaaba"	
"nominative"	"case"	"arabic"	
"nominative"	"case"	"arbore"	
"nominative"	"case"	"beja"	"arteiga"
"nominative"	"case"	"beja"	"hadendowa"
"nominative"	"case"	"burji"	
"nominative"	"case"	"gedeo"	
"nominative"	"case"	"hadiyya"	
"nominative"	"case"	"hebrew"	
"nominative"	"case"	"kambaata"	
"nominative"	"case"	"koorete"	
"nominative"	"case"	"maale"	
"nominative"	"case"	"sidaama"	
"nominative"	"case"	"somali"	"standard"
"nominative"	"caseHead"	"beja"	"bishari"
"nominative"	"caseHead"	"burji"	
"nominative"	"type"	"burji"	
"nominative"	"type"	"gedeo"	
"non-finite"	"mood"	"yemsa"	
"non-focus"	"focus"	"koorete"	
"non-focus"	"focus"	"rendille"	
"non-indicative"	"mood"	"arbore"	
"non-past"	"tam"	"bayso"	
"non-subj-focus"	"focus"	"arbore"	
"nonAgr"	"subjVerbAgr"	"arbore"	
"nonConstr"	"state"	"arabic"	
"nonContracting"	"subconjClass"	"arbore"	
"nonCrnlDrop"	"verbMorphClass"	"dhaasanac"	
"nonFinite"	"nonFiniteForm"	"afar"	
"nonFinite"	"nonFiniteForm"	"oromo"	
"nonIdent"	"subjIdent"	"arbore"	
"nonPast"	"tam"	"tsamakko"	
"nonPast-nonPres"	"tam"	"oromo"	
"nonPastGen"	"tam"	"dahalo"	
"nonPastSubj"	"tam"	"dahalo"	
"nonReflexive"	"proClass"	"afar"	
"nonSuppletive"	"suppletion"	"burji"	
"nonVerbal"	"modal"	"maale"	
"nonpast"	"tense"	"arabic"	
"normal"	"dervStem"	"tsamakko"	
"notYet"	"tam"	"coptic"	"sahidic"
"noun"	"posHead"	"iraqw"	
"numOrd"	"nounMorphClass"	"beja"	"hadendowa"
"number"	"nounMorphClass"	"bayso"	
"number"	"nounMorphClass"	"khamtanga"	
"numeral"	"nounMorphClass"	"beja"	"hadendowa"
"numeral"	"nounMorphClass"	"khamtanga"	
"nṣuwr"	"stem"	"arabic"	
"o-assim"	"dervStem"	"tsamakko"	
"obj"	"type"	"burji"	
"obj-ka"	"case"	"tsamakko"	
"objAff"	"proClass"	"elmolo"	
"objClitic"	"proClass"	"akkadian"	"OB"
"objClitic"	"proClass"	"hebrew"	
"objClitic"	"proClass"	"somali"	"standard"
"objCliticImprtv"	"proClass"	"syriac"	
"objCliticPerf"	"proClass"	"hebrew"	
"objProclitic"	"proClass"	"gawwada"	
"objRel"	"selBE"	"iraqw"	
"objSuff"	"proClass"	"beja"	"atmaan"
"objSuff"	"proClass"	"beja"	"bishari"
"objSuff"	"proClass"	"sidaama"	
"objSuff"	"verbMorphClass"	"beja"	"atmaan"
"objSuffExx"	"verbMorphClass"	"beja"	"atmaan"
"objSuffPdgm"	"proClass"	"beja"	"atmaan"
"objSuffPdgm"	"verbMorphClass"	"beja"	"atmaan"
"objSuffWithV"	"proClass"	"beja"	"bishari"
"object"	"case"	"bayso"	
"object"	"case"	"beja"	"amarʔar"
"object"	"case"	"beja"	"arteiga"
"object"	"case"	"beja"	"atmaan"
"object"	"case"	"beja"	"beniamer"
"object"	"case"	"beja"	"bishari"
"object"	"case"	"beja"	"hadendowa"
"object"	"case"	"bilin"	
"object"	"case"	"dhaasanac"	
"object"	"case"	"hebrew"	
"object"	"case"	"khamtanga"	
"object"	"case"	"rendille"	
"object"	"case"	"saho"	
"object"	"case"	"somali"	"standard"
"object"	"case"	"tsamakko"	
"object"	"case"	"wolaytta"	
"object"	"case"	"yemsa"	
"object"	"caseHead"	"beja"	"atmaan"
"object"	"caseHead"	"beja"	"bishari"
"object"	"imperativeClass"	"iraqw"	
"object"	"proClass"	"boni"	"jara"
"object"	"proClass"	"iraqw"	
"object"	"type"	"burji"	
"objectGeneral"	"case"	"yaaku"	
"objectIndirect"	"case"	"bayso"	
"objectIndirect"	"case"	"rendille"	
"objectIndirect"	"case"	"saho"	
"objectSuff"	"case"	"bilin"	
"objectSuffix"	"proClass"	"beja"	"beniamer"
"objectWInitial"	"case"	"yaaku"	
"oblique"	"case"	"akkadian"	"OB"
"oblique"	"case"	"arabic"	
"oblique"	"case"	"beja"	"bishari"
"oblique"	"case"	"bilin"	
"oblique-posessive"	"case"	"khamtanga"	
"occurrence"	"copType"	"oromo"	
"oggay"	"pdgmLexLabel"	"gawwada"	
"ooy"	"pdgmLexLabel"	"tsamakko"	
"optative"	"clauseType"	"maale"	
"optative"	"clauseType"	"sidaama"	
"optative"	"tam"	"beja"	"arteiga"
"optative"	"tam"	"beja"	"beniamer"
"optative"	"tam"	"beja"	"bishari"
"optative"	"tam"	"beja"	"hadendowa"
"optative"	"tam"	"rendille"	
"optative"	"tam"	"sidaama"	
"optative"	"tam"	"somali"	"standard"
"order"	"tam"	"awngi"	
"ordinal"	"numClass"	"khamtanga"	
"oromo"	"lang"	"oromo"	
"orroo"	"pdgmLexLabel"	"alaaba"	
"overThere"	"deixis"	"sidaama"	
"p1"	"conjClass"	"iraqw"	
"p1"	"numeralGloss"	"beja"	"hadendowa"
"p1"	"objectPerson"	"coptic"	"sahidic"
"p1"	"persCop"	"beja"	"bishari"
"p1"	"persObj"	"beja"	"atmaan"
"p1"	"persObj"	"iraqw"	
"p1"	"persP1"	"beja"	"bishari"
"p1"	"persP2"	"beja"	"bishari"
"p1"	"persSubj"	"iraqw"	
"p1"	"present"	"burji"	
"p2"	"conjClass"	"iraqw"	
"p2"	"numeralGloss"	"beja"	"hadendowa"
"p2"	"objectPerson"	"coptic"	"sahidic"
"p2"	"persCop"	"beja"	"bishari"
"p2"	"persObj"	"beja"	"atmaan"
"p2"	"persObj"	"iraqw"	
"p2"	"persP1"	"beja"	"bishari"
"p2"	"persP2"	"beja"	"bishari"
"p2"	"persSubj"	"iraqw"	
"p2"	"present"	"burji"	
"p3"	"numeralGloss"	"beja"	"hadendowa"
"p3"	"objectPerson"	"coptic"	"sahidic"
"p3"	"persCop"	"beja"	"bishari"
"p3"	"persObj"	"beja"	"atmaan"
"p3"	"persObj"	"iraqw"	
"p3"	"persP1"	"beja"	"bishari"
"p3"	"persP2"	"beja"	"bishari"
"p3"	"persSubj"	"iraqw"	
"p3"	"present"	"burji"	
"pClass1"	"pdgmClass"	"koorete"	
"pClass2"	"pdgmClass"	"koorete"	
"partClass"	"tamStemClass"	"beja"	"arteiga"
"partialPdgm"	"verbMorphClass"	"gawwada"	
"participle"	"nomForm"	"beja"	"hadendowa"
"participle"	"nonFiniteForm"	"beja"	"arteiga"
"participle"	"nonFiniteForm"	"beja"	"atmaan"
"participle"	"nonFiniteForm"	"beja"	"bishari"
"participle"	"nonFiniteForm"	"beja"	"hadendowa"
"participle"	"nonFiniteForm"	"saho"	
"participle"	"verbMorphClass"	"arabic"	
"participle"	"verbMorphClass"	"iraqw"	
"participle-k--invar"	"mainStem"	"afar"	
"particle"	"clauseMarker"	"burji"	
"pass1"	"dervStem"	"rendille"	
"pass2"	"dervStem"	"rendille"	
"passive"	"cliticClass"	"boni"	"jara"
"passive"	"cliticClass"	"boni"	"kilii"
"passive"	"dervStem"	"alaaba"	
"passive"	"dervStem"	"burji"	
"passive"	"dervStem"	"gawwada"	
"passive"	"dervStem"	"hadiyya"	
"passive"	"dervStem"	"kambaata"	
"passive"	"dervStem"	"koorete"	
"passive"	"dervStem"	"maale"	
"passive"	"dervStem"	"sidaama"	
"passive"	"dervStem"	"tsamakko"	
"passive"	"dervStem"	"wolaytta"	
"passive"	"dervStem"	"yemsa"	
"passive"	"stemClass"	"beja"	"beniamer"
"passive"	"voice"	"arabic"	
"passive-caus"	"dervStem"	"alaaba"	
"passiveBenefactive"	"dervStem"	"hadiyya"	
"passiveCausative"	"dervStem"	"hadiyya"	
"passiveCausative"	"dervStem"	"maale"	
"passiveReciprocalClass"	"dervStem"	"sidaama"	
"passive_causative"	"dervStem"	"wolaytta"	
"past"	"participle"	"beja"	"arteiga"
"past"	"selCat"	"iraqw"	
"past"	"selTense"	"iraqw"	
"past"	"selector"	"dahalo"	
"past"	"tam"	"bayso"	
"past"	"tam"	"beja"	"arteiga"
"past"	"tam"	"beja"	"atmaan"
"past"	"tam"	"beja"	"hadendowa"
"past"	"tam"	"bilin"	
"past"	"tam"	"dhaasanac"	"standard"
"past"	"tam"	"geez"	
"past"	"tam"	"iraqw"	
"past"	"tam"	"khamtanga"	
"past"	"tam"	"oromo"	
"past"	"tam"	"saho"	
"past"	"tam"	"somali"	"standard"
"past"	"tam"	"tsamakko"	
"past"	"tam"	"wolaytta"	
"past"	"tam"	"yaaku"	
"past"	"tense"	"arabic"	
"past"	"tense1"	"gawwada"	
"pastClass"	"tamStemClass"	"beja"	"arteiga"
"pastContinuous"	"tam"	"beja"	"hadendowa"
"pastDubitative"	"tam"	"wolaytta"	
"pastGen"	"tam"	"dahalo"	
"pastGeneral"	"tam"	"somali"	"standard"
"pastHabitual"	"tam"	"dahalo"	
"pastHabitual"	"tam"	"koorete"	
"pastHabitual"	"tam"	"somali"	"standard"
"pastIndependent"	"tam"	"somali"	"standard"
"pastIngressive"	"tam"	"wolaytta"	
"pastInvar"	"pdgmSubType"	"somali"	"standard"
"pastPerfect"	"tam"	"beja"	"atmaan"
"pastPerfect"	"tam"	"hadiyya"	
"pastPerfective"	"tam"	"koorete"	
"pastPresOverview"	"verbMorphClass"	"beja"	"atmaan"
"pastProgressive"	"tam"	"burji"	
"pastProgressive"	"tam"	"hadiyya"	
"pastProgressive"	"tam"	"kambaata"	
"pastProgressive"	"tam"	"koorete"	
"pastProgressive"	"tam"	"oromo"	
"pastProgressive"	"tam"	"somali"	"standard"
"pastProgressive"	"tam"	"yaaku"	
"pastQ"	"tam"	"iraqw"	
"pastState1"	"tam"	"afar"	
"pastState2"	"tam"	"afar"	
"pastSubj"	"tam"	"dahalo"	
"pastTemporal"	"tam"	"khamtanga"	
"pattern1"	"patternClass"	"arbore"	
"pattern2"	"patternClass"	"arbore"	
"paucal"	"numRef"	"bayso"	
"pcm"	"selector"	"dahalo"	
"pdgmOverview"	"pdgmType"	"beja"	"atmaan"
"pdgmOverview"	"verbMorphClass"	"beja"	"atmaan"
"perfect"	"aspect"	"arabic"	
"perfect"	"aspect"	"beja"	"hadendowa"
"perfect"	"mainStem"	"afar"	
"perfect"	"selCat"	"iraqw"	
"perfect"	"selTense"	"iraqw"	
"perfect"	"selector"	"dahalo"	
"perfect"	"tam"	"afar"	
"perfect"	"tam"	"akkadian"	"OB"
"perfect"	"tam"	"arbore"	
"perfect"	"tam"	"awngi"	
"perfect"	"tam"	"beja"	"beniamer"
"perfect"	"tam"	"beja"	"bishari"
"perfect"	"tam"	"bilin"	
"perfect"	"tam"	"boni"	
"perfect"	"tam"	"boni"	"jara"
"perfect"	"tam"	"boni"	"kilii"
"perfect"	"tam"	"burji"	
"perfect"	"tam"	"dhaasanac"	
"perfect"	"tam"	"elmolo"	
"perfect"	"tam"	"gedeo"	
"perfect"	"tam"	"hebrew"	
"perfect"	"tam"	"oromo"	
"perfect"	"tam"	"rendille"	
"perfect"	"tam"	"saho"	
"perfect"	"tam"	"wolaytta"	
"perfect"	"tam"	"yaaku"	
"perfect"	"tam"	"yemsa"	
"perfect"	"tenseHead"	"hebrew"	
"perfect"	"type"	"beja"	"beniamer"
"perfect-m"	"mainStem"	"afar"	
"perfect1"	"tam"	"coptic"	"sahidic"
"perfect2"	"tam"	"coptic"	"sahidic"
"perfectActual"	"tam"	"gedeo"	
"perfectAnticipatory"	"tam"	"afar"	
"perfectComp1"	"tam"	"bayso"	
"perfectComp2"	"tam"	"bayso"	
"perfectConditional"	"tam"	"afar"	
"perfectDur"	"tam"	"beja"	"beniamer"
"perfectFuture"	"tam"	"shinassha"	
"perfectH"	"tam"	"saho"	
"perfectInniImperfect"	"tam"	"saho"	
"perfectInniPerfect"	"tam"	"saho"	
"perfectM"	"tam"	"saho"	
"perfectNegative"	"tenseName"	"saho"	
"perfectNonActual"	"tam"	"gedeo"	
"perfectNonPresent"	"tam"	"gedeo"	
"perfectNonPresent2"	"tam"	"gedeo"	
"perfectParticiple"	"mainStem"	"afar"	
"perfectParticiple"	"nomForm"	"beja"	"hadendowa"
"perfectParticiple"	"nonFiniteForm"	"beja"	"hadendowa"
"perfectPast"	"tam"	"beja"	"hadendowa"
"perfectPast1"	"tam"	"afar"	
"perfectPast2"	"tam"	"afar"	
"perfectPresent"	"tam"	"afar"	
"perfectPresent"	"tam"	"shinassha"	
"perfectPreterite"	"tam"	"shinassha"	
"perfectProbable"	"tam"	"afar"	
"perfectProgressive"	"tam"	"burji"	
"perfectRel"	"tam"	"beja"	"beniamer"
"perfectSimple"	"tam"	"bayso"	
"perfectSubordinate"	"tenseName"	"saho"	
"perfective"	"aspect"	"bilin"	
"perfective"	"aspect"	"dahalo"	
"perfective"	"aspect"	"kemant"	
"perfective"	"aspect"	"maale"	
"perfective"	"modal"	"maale"	
"perfective"	"tam"	"alaaba"	
"perfective"	"tam"	"kemant"	
"perfective"	"tense1"	"gawwada"	
"perfective"	"tenseName"	"saho"	
"perfectiveComp"	"tam"	"kemant"	
"persAffix"	"verbMorphClass"	"elmolo"	
"persAsp"	"position"	"elmolo"	
"persNumTenseSuff"	"verbMorphClass"	"sidaama"	
"persSuff"	"proClass"	"beja"	"atmaan"
"persSuff"	"verbMorphClass"	"bayso"	
"persSuff"	"verbMorphClass"	"bilin"	
"pers_dem"	"proClass"	"iraqw"	
"personal"	"proClass"	"burji"	
"personal"	"proClass"	"gedeo"	
"personal"	"proClass"	"hadiyya"	
"pl"	"numCop"	"beja"	"bishari"
"pl"	"numHead"	"akkadian"	"OB"
"pl"	"numHead"	"beja"	"atmaan"
"pl"	"numHead"	"beja"	"beniamer"
"pl"	"numHead"	"beja"	"bishari"
"pl"	"numHead"	"beja"	"hadendowa"
"pl"	"numHead"	"hebrew"	
"pl"	"numHead"	"iraqw"	
"pl"	"numHead"	"khamtanga"	
"pl"	"numHead"	"syriac"	
"pl"	"numHeadRel"	"kemant"	
"pl"	"numN1"	"beja"	"hadendowa"
"pl"	"numObj"	"bayso"	
"pl"	"numObj"	"beja"	"atmaan"
"pl"	"numObj"	"iraqw"	
"pl"	"numObj"	"tsamakko"	
"pl"	"numP1"	"beja"	"bishari"
"pl"	"numP2"	"beja"	"bishari"
"pl"	"numPoss"	"arbore"	
"pl"	"numPoss"	"beja"	"bishari"
"pl"	"numPoss"	"beja"	"hadendowa"
"pl"	"numSubj"	"iraqw"	
"pl"	"numberGender"	"bayso"	
"pl"	"numberHead"	"coptic"	"sahidic"
"pl"	"numgen"	"hadiyya"	
"pl"	"objectNumber"	"coptic"	"sahidic"
"pl"	"pngShapeClass"	"dhaasanac"	
"pluperfect"	"tam"	"arbore"	
"pluperfect"	"tam"	"beja"	"beniamer"
"pluperfect"	"tam"	"beja"	"bishari"
"pluperfect"	"tam"	"burji"	
"pluperfect"	"tam"	"oromo"	
"pluperfect"	"tam"	"shinassha"	
"pluperfect"	"tenseName"	"saho"	
"pluperfectProgressive"	"tam"	"oromo"	
"pluractional"	"dervStem"	"alaaba"	
"pluractional-transitivize"	"dervStem"	"alaaba"	
"pluractional-transitivize-caus"	"dervStem"	"alaaba"	
"pluractional-transitivize-causD"	"dervStem"	"alaaba"	
"pluractional-transitivize-causative-passive"	"dervStem"	"alaaba"	
"pngA"	"pngSet"	"bilin"	
"pngA2"	"pngSet"	"bilin"	
"pngB"	"pngSet"	"bilin"	
"pngC"	"pngSet"	"bilin"	
"pos1"	"selectorPosition"	"dahalo"	
"pos2"	"selectorPosition"	"dahalo"	
"pos3"	"selectorPosition"	"dahalo"	
"pos4"	"selectorPosition"	"dahalo"	
"pos5"	"selectorPosition"	"dahalo"	
"pos6"	"selectorPosition"	"dahalo"	
"pos7"	"selectorPosition"	"dahalo"	
"poss1"	"possType"	"maale"	
"poss2"	"possType"	"maale"	
"possAdj"	"proClass"	"shinassha"	
"possAdj"	"proClass"	"wolaytta"	
"possAdj"	"proClass"	"yemsa"	
"possClitic"	"proClass"	"syriac"	
"possCop"	"pdgmSubType"	"beja"	"beniamer"
"possExx"	"proClass"	"yaaku"	
"possInd"	"proClass"	"akkadian"	"OB"
"possInd"	"proClass"	"beja"	"bishari"
"possInd"	"proClass"	"beja"	"hadendowa"
"possInd"	"proClass"	"tsamakko"	
"possNom"	"conjClass"	"yaaku"	
"possNom1"	"possType"	"maale"	
"possNom2"	"possType"	"maale"	
"possNoun"	"proClass"	"shinassha"	
"possNoun"	"proClass"	"wolaytta"	
"possObj"	"proClass"	"beja"	"arteiga"
"possPro"	"conjClass"	"yaaku"	
"possSuff"	"pdgmSubType"	"beja"	"beniamer"
"possSuff"	"proClass"	"arbore"	
"possSuff"	"proClass"	"beja"	"atmaan"
"possSuff"	"proClass"	"beja"	"hadendowa"
"possSuff"	"proClass"	"gawwada"	
"possSuff"	"proClass"	"tsamakko"	
"possSuff"	"proClass"	"yemsa"	
"possSuffAbl"	"proClass"	"beja"	"bishari"
"possSuffCop"	"proClass"	"beja"	"bishari"
"possSuffCopExx"	"proClass"	"beja"	"bishari"
"possSuffDat"	"proClass"	"beja"	"bishari"
"possSuffExx"	"proClass"	"beja"	"bishari"
"possSuffGen"	"proClass"	"beja"	"bishari"
"possSuffGenExx"	"proClass"	"beja"	"bishari"
"possSuffNom"	"proClass"	"beja"	"bishari"
"possSuffPlusGen"	"proClass"	"beja"	"bishari"
"possessive"	"case"	"akkadian"	"OB"
"possessive"	"case"	"alaaba"	
"possessive"	"case"	"beja"	"amarʔar"
"possessive"	"case"	"beja"	"arteiga"
"possessive"	"case"	"beja"	"bishari"
"possessive"	"case"	"beja"	"hadendowa"
"possessive"	"case"	"dhaasanac"	
"possessive"	"case"	"hadiyya"	
"possessive"	"case"	"kambaata"	
"possessive"	"case"	"khamtanga"	
"possessive"	"case"	"koorete"	
"possessive"	"case"	"maale"	
"possessive"	"case"	"oromo"	
"possessive"	"case"	"saho"	
"possessive"	"morphClass"	"coptic"	"sahidic"
"possessive"	"proClass"	"akkadian"	"OB"
"possessive"	"proClass"	"arbore"	
"possessive"	"proClass"	"bayso"	
"possessive"	"proClass"	"beja"	"atmaan"
"possessive"	"proClass"	"boni"	"jara"
"possessive"	"proClass"	"boni"	"kilii"
"possessive"	"proClass"	"burji"	
"possessive"	"proClass"	"dahalo"	
"possessive"	"proClass"	"elmolo"	
"possessive"	"proClass"	"gedeo"	
"possessive"	"proClass"	"iraqw"	
"possessive"	"proClass"	"maale"	
"possessive"	"proClass"	"rendille"	
"possessive"	"proClass"	"somali"	"standard"
"possessive"	"proClass"	"yaaku"	
"possessive"	"proClass"	"yemsa"	
"possessive-m"	"case"	"afar"	
"possessiveDefinite"	"proClass"	"afar"	
"posterior"	"clauseType"	"awngi"	
"posteriorSub"	"tam"	"alaaba"	
"potential"	"mood"	"shinassha"	
"potential"	"mood"	"wolaytta"	
"potential"	"mood"	"yemsa"	
"potential"	"tam"	"somali"	"standard"
"potential"	"tam"	"yemsa"	
"preVerbParticles"	"verbMorphClass"	"bayso"	
"preVerbSelSubjMarkers"	"selectorProClass"	"arbore"	
"preVerbSel_SubjMarkers"	"selectorProClass"	"arbore"	
"precative"	"tam"	"akkadian"	"OB"
"predestinative"	"clauseType"	"awngi"	
"predication"	"copType"	"oromo"	
"predicative"	"case"	"arbore"	
"predicative"	"tam"	"beja"	"hadendowa"
"pref-irreg"	"conjClass"	"saho"	
"prefV"	"position"	"elmolo"	
"prefVsSuff"	"pdgmType"	"beja"	"beniamer"
"prefectPast"	"tam"	"bayso"	
"prefectPast"	"tam"	"beja"	"hadendowa"
"prefix"	"conjClass"	"afar"	
"prefix"	"conjClass"	"arbore"	
"prefix"	"conjClass"	"beja"	"arteiga"
"prefix"	"conjClass"	"beja"	"atmaan"
"prefix"	"conjClass"	"beja"	"beniamer"
"prefix"	"conjClass"	"beja"	"bishari"
"prefix"	"conjClass"	"beja"	"hadendowa"
"prefix"	"conjClass"	"boni"	"jara"
"prefix"	"conjClass"	"boni"	"kilii"
"prefix"	"conjClass"	"dhaasanac"	
"prefix"	"conjClass"	"elmolo"	
"prefix"	"conjClass"	"geez"	
"prefix"	"conjClass"	"rendille"	
"prefix"	"conjClass"	"saho"	
"prefix"	"conjClass"	"somali"	"standard"
"prefix2"	"conjClass"	"beja"	"bishari"
"prefix3"	"conjClass"	"beja"	"bishari"
"prefix4"	"conjClass"	"beja"	"bishari"
"prefix5"	"conjClass"	"beja"	"bishari"
"prefixIrregular"	"conjClass"	"beja"	"bishari"
"prefixOther"	"conjClass"	"beja"	"bishari"
"presClass"	"tamStemClass"	"beja"	"arteiga"
"presSgClass"	"tamStemClass"	"beja"	"arteiga"
"present"	"aspect"	"beja"	"hadendowa"
"present"	"headNoun"	"yaaku"	
"present"	"participle"	"beja"	"arteiga"
"present"	"tam"	"akkadian"	"OB"
"present"	"tam"	"bayso"	
"present"	"tam"	"beja"	"arteiga"
"present"	"tam"	"beja"	"atmaan"
"present"	"tam"	"beja"	"beniamer"
"present"	"tam"	"beja"	"bishari"
"present"	"tam"	"beja"	"hadendowa"
"present"	"tam"	"bilin"	
"present"	"tam"	"boni"	"jara"
"present"	"tam"	"geez"	
"present"	"tam"	"iraqw"	
"present"	"tam"	"khamtanga"	
"present"	"tam"	"oromo"	
"present"	"tam"	"shinassha"	
"present"	"tam"	"wolaytta"	
"present"	"tam"	"yaaku"	
"present"	"tam"	"yemsa"	
"present"	"tense1"	"gawwada"	
"present1"	"tam"	"coptic"	"sahidic"
"present2"	"tam"	"coptic"	"sahidic"
"presentContinuous"	"tam"	"beja"	"hadendowa"
"presentDur"	"tam"	"beja"	"beniamer"
"presentFuture"	"tam"	"khamtanga"	
"presentGeneral"	"tam"	"somali"	"standard"
"presentHabitual"	"tam"	"koorete"	
"presentHabitual"	"tam"	"yemsa"	
"presentIngressive"	"tam"	"shinassha"	
"presentIngressive"	"tam"	"wolaytta"	
"presentIngressive"	"tam"	"yemsa"	
"presentIngressiveA"	"tam"	"shinassha"	
"presentIngressiveB"	"tam"	"shinassha"	
"presentInterrog"	"tam"	"khamtanga"	
"presentParticiple"	"nonFiniteForm"	"beja"	"hadendowa"
"presentParticitpl"	"nomForm"	"beja"	"hadendowa"
"presentPerfect"	"aspect"	"sidaama"	
"presentPerfect"	"tam"	"burji"	
"presentPerfect"	"tam"	"hadiyya"	
"presentPerfect"	"tam"	"kambaata"	
"presentPerfect"	"tam"	"koorete"	
"presentPerfect"	"tam"	"sidaama"	
"presentPerfective"	"tam"	"koorete"	
"presentProgressive"	"tam"	"burji"	
"presentProgressive"	"tam"	"hadiyya"	
"presentProgressive"	"tam"	"kambaata"	
"presentProgressive"	"tam"	"koorete"	
"presentProgressive"	"tam"	"oromo"	
"presentProgressive"	"tam"	"sidaama"	
"presentProgressive"	"tam"	"somali"	"standard"
"presentProgressive"	"tam"	"yemsa"	
"presentProgressive2"	"tam"	"somali"	"standard"
"presentPunctual"	"tam"	"yemsa"	
"presentQ"	"tam"	"iraqw"	
"presentRel"	"tam"	"beja"	"beniamer"
"presentShort"	"tam"	"beja"	"atmaan"
"presentState1"	"tam"	"afar"	
"presentState2"	"tam"	"afar"	
"preterite"	"tam"	"akkadian"	"OB"
"preterite"	"tam"	"shinassha"	
"preterite"	"tam"	"yemsa"	
"preteriteDubitative"	"tam"	"shinassha"	
"preteriteDubitative"	"tam"	"yemsa"	
"preteriteEgressive"	"tam"	"shinassha"	
"preteriteEgressive"	"tam"	"yemsa"	
"preteriteHabitual"	"tam"	"yemsa"	
"preteriteIngressive"	"tam"	"shinassha"	
"preteriteIngressive"	"tam"	"yemsa"	
"preteritePerfect"	"tam"	"shinassha"	
"preteritePerfectB"	"tam"	"shinassha"	
"preteriteProgressive"	"tam"	"yemsa"	
"preventive"	"clauseType"	"maale"	
"pro"	"posHead"	"iraqw"	
"pro"	"selector"	"dahalo"	
"pro2ary"	"proClass"	"maale"	
"proAgreement"	"verbMorphClass"	"yaaku"	
"proClit"	"proClass"	"alaaba"	
"proEmph"	"proClass"	"alaaba"	
"proInd"	"posClass"	"sidaama"	
"proInd"	"proClass"	"alaaba"	
"proInd"	"proClass"	"koorete"	
"proInd"	"proClass"	"maale"	
"proIndClit"	"proClass"	"alaaba"	
"proParticle"	"proClass"	"tsamakko"	
"proSetA"	"proSet"	"kemant"	
"proSetB"	"proSet"	"kemant"	
"proSuff"	"proClass"	"oromo"	
"proSuff"	"verbMorphClass"	"tsamakko"	
"proSuff"	"verbMorphClass"	"yemsa"	
"probable"	"tam"	"afar"	
"processive"	"clauseType"	"awngi"	
"proclitic"	"cliticType"	"boni"	"jara"
"proclitic"	"cliticType"	"boni"	"kilii"
"progressive"	"aspect"	"boni"	"jara"
"progressive"	"aspect"	"boni"	"kilii"
"progressive"	"tam"	"alaaba"	
"progressive"	"tam"	"shinassha"	
"progressiveSub"	"tam"	"alaaba"	
"prohibitive"	"selCat"	"iraqw"	
"pronominal"	"imperativeForm"	"coptic"	"sahidic"
"pronominal"	"infinitiveForm"	"coptic"	"sahidic"
"protasis"	"clauseType"	"awngi"	
"proximal"	"deixis"	"tsamakko"	
"proximal"	"tamStemForm"	"bayso"	
"proximal2"	"deixis"	"tsamakko"	
"pupusa"	"pdgmLexLabel"	"gawwada"	
"purposive"	"tam"	"khamtanga"	
"purposive1"	"clauseType"	"maale"	
"purposive1"	"tam"	"afar"	
"purposive2"	"clauseType"	"maale"	
"purposive2"	"tam"	"afar"	
"purposive2"	"tam"	"khamtanga"	
"purposiveSub"	"tam"	"alaaba"	
"qut"	"pdgmLexLabel"	"gawwada"	
"rare"	"token-frequency"	"beja"	"atmaan"
"reason"	"selCat"	"iraqw"	
"reciprocal"	"dervStem"	"alaaba"	
"reciprocal"	"dervStem"	"beja"	"beniamer"
"reciprocal"	"dervStem"	"beja"	"hadendowa"
"reciprocal"	"dervStem"	"bilin"	
"reciprocal"	"dervStem"	"kemant"	
"reciprocal"	"dervStem"	"koorete"	
"reciprocal"	"dervStem"	"sidaama"	
"reciprocal"	"persObj"	"iraqw"	
"reciprocal"	"persSubj"	"iraqw"	
"reciprocal"	"proClass"	"alaaba"	
"reciprocal-caus"	"dervStem"	"alaaba"	
"reduced"	"clauseType"	"somali"	"standard"
"reduced"	"extended"	"dhaasanac"	
"reduced"	"proClass"	"dahalo"	
"reducedNasal"	"extended"	"dhaasanac"	
"reduplicated"	"dervStem"	"burji"	
"reduplicated"	"dervStem"	"kambaata"	
"reduplication"	"dervStemAug"	"bayso"	
"reflEmph"	"proClass"	"arbore"	
"reflPoss"	"proClass"	"sidaama"	
"reflexive"	"case"	"afar"	
"reflexive"	"cliticClass"	"boni"	"jara"
"reflexive"	"cliticClass"	"boni"	"kilii"
"reflexive"	"dervCat"	"elmolo"	
"reflexive"	"dervStem"	"beja"	"beniamer"
"reflexive"	"dervStem"	"maale"	
"reflexive"	"proClass"	"afar"	
"reflexive"	"proClass"	"alaaba"	
"reflexive"	"proClass"	"beja"	"bishari"
"reflexive"	"stemClass"	"beja"	"beniamer"
"reflexivization"	"dervStemAug"	"bayso"	
"regular"	"conjClass"	"burji"	
"relObliq"	"clauseType"	"bilin"	
"relOblique"	"clauseType"	"khamtanga"	
"relSubj"	"clauseType"	"awngi"	
"relSubj"	"clauseType"	"bilin"	
"relSubj"	"clauseType"	"khamtanga"	
"relSuff"	"verbMorphClass"	"beja"	"atmaan"
"relative"	"case"	"khamtanga"	
"relative"	"clauseConjugation"	"coptic"	"sahidic"
"relative"	"clauseType"	"arbore"	
"relative"	"clauseType"	"beja"	"atmaan"
"relative"	"clauseType"	"coptic"	"sahidic"
"relative"	"cliticType"	"rendille"	
"relative"	"conjClass"	"yaaku"	
"relative"	"mood"	"shinassha"	
"relative"	"mood"	"wolaytta"	
"relative"	"proClass"	"arabic"	
"relativeIndeterminate"	"tam"	"afar"	
"relativeOblique"	"tam"	"bilin"	
"relativeOblique"	"tam"	"kemant"	
"relativePast"	"tam"	"iraqw"	
"relativePresent"	"tam"	"iraqw"	
"relativeSubject"	"tam"	"bilin"	
"relativeSubject"	"tam"	"kemant"	
"rendille"	"lang"	"rendille"	
"repetitive"	"dervStemAug"	"beja"	"atmaan"
"repetitive"	"pdgmType"	"beja"	"atmaan"
"repetitive"	"verbMorphClass"	"beja"	"atmaan"
"requestive"	"mainStem"	"afar"	
"requestive"	"tam"	"afar"	
"requestive--p1Only"	"tam"	"afar"	
"restrictive"	"proClass"	"maale"	
"result"	"clauseConjugation"	"coptic"	"sahidic"
"rootForm"	"pdgmType"	"beja"	"beniamer"
"rootStructure"	"verbMorphClass"	"maale"	
"s-Class"	"stemAltClass"	"arbore"	
"sahidic"	"langVar"	"coptic"	"sahidic"
"saho"	"lang"	"saho"	
"seSuff"	"suffType"	"arbore"	
"selBE"	"selClass"	"iraqw"	
"selBE"	"verbMorphClass"	"iraqw"	
"selBEImpersHit"	"verbMorphClass"	"iraqw"	
"selBENom"	"verbMorphClass"	"iraqw"	
"selBEObj"	"verbMorphClass"	"iraqw"	
"selBEVerb"	"verbMorphClass"	"iraqw"	
"selMood"	"selClass"	"iraqw"	
"selTense"	"selClass"	"iraqw"	
"selector"	"verbMorphClass"	"dahalo"	
"selector"	"verbMorphClass"	"iraqw"	
"selectorForms"	"verbMorphClass"	"iraqw"	
"selectorForms2"	"verbMorphClass"	"iraqw"	
"semelfactive"	"dervStem"	"gawwada"	
"sg"	"numCop"	"beja"	"bishari"
"sg"	"numHead"	"akkadian"	"OB"
"sg"	"numHead"	"beja"	"atmaan"
"sg"	"numHead"	"beja"	"beniamer"
"sg"	"numHead"	"beja"	"bishari"
"sg"	"numHead"	"beja"	"hadendowa"
"sg"	"numHead"	"hebrew"	
"sg"	"numHead"	"iraqw"	
"sg"	"numHead"	"khamtanga"	
"sg"	"numHead"	"syriac"	
"sg"	"numHeadRel"	"kemant"	
"sg"	"numN1"	"beja"	"hadendowa"
"sg"	"numObj"	"bayso"	
"sg"	"numObj"	"beja"	"atmaan"
"sg"	"numObj"	"iraqw"	
"sg"	"numObj"	"tsamakko"	
"sg"	"numP1"	"beja"	"bishari"
"sg"	"numP2"	"beja"	"bishari"
"sg"	"numPoss"	"arbore"	
"sg"	"numPoss"	"beja"	"bishari"
"sg"	"numPoss"	"beja"	"hadendowa"
"sg"	"numSubj"	"iraqw"	
"sg"	"numberHead"	"coptic"	"sahidic"
"sg"	"numgen"	"hadiyya"	
"sg"	"objectNumber"	"coptic"	"sahidic"
"sg"	"pngShapeClass"	"dhaasanac"	
"shinassha"	"lang"	"shinassha"	
"short"	"case"	"rendille"	
"short"	"form"	"iraqw"	
"shortPerfect"	"tam"	"dhaasanac"	
"sidaama"	"lang"	"sidaama"	
"similative"	"case"	"alaaba"	
"simple"	"complement"	"shinassha"	
"simple"	"complement"	"wolaytta"	
"simple"	"dervStemAug"	"beja"	"arteiga"
"simple"	"dervStemAug"	"beja"	"atmaan"
"simple"	"dervStemAug"	"beja"	"beniamer"
"simple"	"stemType"	"beja"	"beniamer"
"simple"	"suffType"	"arbore"	
"simplePast"	"tam"	"coptic"	"sahidic"
"simplePerf"	"tam"	"kambaata"	
"simplePerfect"	"aspect"	"sidaama"	
"simplePerfect"	"tam"	"burji"	
"simplePerfect"	"tam"	"hadiyya"	
"simplePerfect"	"tam"	"kambaata"	
"simplePerfect"	"tam"	"sidaama"	
"simultaneous"	"clauseType"	"maale"	
"singulative"	"numRef"	"bayso"	
"somali"	"lang"	"dhaasanac"	"standard"
"somali"	"lang"	"somali"	"standard"
"sor"	"pdgmLexLabel"	"gawwada"	
"ssaClass"	"defMarker"	"tsamakko"	
"sseClass"	"defMarker"	"tsamakko"	
"standard"	"langVar"	"dhaasanac"	"standard"
"standard"	"langVar"	"somali"	"standard"
"stative"	"clauseType"	"awngi"	
"stative"	"conjClass"	"afar"	
"stative"	"conjClass"	"elmolo"	
"stative"	"conjClass"	"rendille"	
"stative"	"dervStem"	"dhaasanac"	
"stative"	"voice"	"arabic"	
"stativeIrregular"	"conjClass"	"afar"	
"stem"	"mainStem"	"afar"	
"stem"	"mood"	"shinassha"	
"stem"	"tokenType"	"bayso"	
"stem"	"tokenType"	"beja"	"arteiga"
"stem"	"tokenType"	"dhaasanac"	
"stemForm"	"pdgmType"	"afar"	
"stemForm"	"pdgmType"	"beja"	"beniamer"
"stemFormation"	"pdgmType"	"beja"	"beniamer"
"stemFormation"	"verbMorphClass"	"dhaasanac"	
"stemFormation"	"verbMorphClass"	"iraqw"	
"stemQ"	"tam"	"beja"	"bishari"
"structure"	"pdgmType"	"arbore"	
"structure"	"pdgmType"	"beja"	"amarʔar"
"structure"	"pdgmType"	"beja"	"arteiga"
"structure"	"pdgmType"	"beja"	"bishari"
"structure"	"pdgmType"	"beja"	"hadendowa"
"structure"	"pdgmType"	"sidaama"	
"structure"	"pdgmType"	"somali"	"standard"
"subAdv"	"clauseType"	"khamtanga"	
"subClass1"	"conjSubType"	"somali"	"standard"
"subClass2"	"conjSubType"	"somali"	"standard"
"subj-focus"	"focus"	"arbore"	
"subjClit"	"proClass"	"somali"	"standard"
"subjFocus"	"focusType"	"gawwada"	
"subjMarker"	"pdgmSubType"	"afar"	
"subjMarker"	"pdgmSubType"	"kemant"	
"subjMarker"	"proClass"	"beja"	"bishari"
"subjMarker"	"verbMorphClass"	"akkadian"	"OB"
"subjMarker"	"verbMorphClass"	"beja"	"bishari"
"subjMarker"	"verbMorphClass"	"beja"	"hadendowa"
"subjMarker"	"verbMorphClass"	"elmolo"	
"subjMarker"	"verbMorphClass"	"geez"	
"subjMarker"	"verbMorphClass"	"hebrew"	
"subjMarker"	"verbMorphClass"	"iraqw"	
"subjMarkerConnConj"	"verbMorphClass"	"sidaama"	
"subjMarkerInfinSub"	"verbMorphClass"	"sidaama"	
"subjMarkerMain"	"verbMorphClass"	"sidaama"	
"subjMarkerRed"	"configuration"	"sidaama"	
"subjMarkerSuff"	"verbMorphClass"	"alaaba"	
"subjMarkerTemplates"	"verbMorphClass"	"hadiyya"	
"subjMarkerTemplates"	"verbMorphClass"	"kambaata"	
"subjMarkers"	"verbMorphClass"	"alaaba"	
"subjMarkers"	"verbMorphClass"	"boni"	"jara"
"subjMarkers"	"verbMorphClass"	"boni"	"kilii"
"subjMarkers"	"verbMorphClass"	"burji"	
"subjMarkers"	"verbMorphClass"	"tsamakko"	
"subjPref"	"verbMorphClass"	"beja"	"atmaan"
"subjPref"	"verbMorphClass"	"yaaku"	
"subjPrefV"	"proClass"	"boni"	"jara"
"subjProclitic"	"proClass"	"gawwada"	
"subjRel"	"selBE"	"iraqw"	
"subjSuff"	"verbMorphClass"	"alaaba"	
"subjSuff"	"verbMorphClass"	"shinassha"	
"subjSuff"	"verbMorphClass"	"yaaku"	
"subjSuffInterr"	"verbMorphClass"	"shinassha"	
"subjSuffV"	"proClass"	"boni"	"jara"
"subject"	"case"	"bayso"	
"subject"	"case"	"beja"	"atmaan"
"subject"	"case"	"beja"	"beniamer"
"subject"	"case"	"dhaasanac"	
"subject"	"case"	"khamtanga"	
"subject"	"case"	"oromo"	
"subject"	"case"	"tsamakko"	
"subject"	"case"	"wolaytta"	
"subject"	"case"	"yaaku"	
"subject"	"case"	"yemsa"	
"subject"	"caseHead"	"beja"	"atmaan"
"subject"	"caseHead"	"beja"	"bishari"
"subject"	"clauseCase"	"somali"	"standard"
"subject"	"focus"	"burji"	
"subject"	"proClass"	"shinassha"	
"subjunctive"	"clauseType"	"awngi"	
"subjunctive"	"mood"	"arabic"	
"subjunctive"	"mood"	"boni"	"kilii"
"subjunctive"	"mood"	"iraqw"	
"subjunctive"	"tam"	"elmolo"	
"subjunctivepdgmLex"	"mood"	"boni"	"jara"
"subjunctivepdgmLex"	"mood"	"shinassha"	
"subjunctivepdgmLex"	"mood"	"wolaytta"	
"subjunctivepolarity"	"mood"	"boni"	"jara"
"subordiate"	"polarity"	"iraqw"	
"subordinate"	"clauseConjugation"	"coptic"	"sahidic"
"subordinate"	"clauseType"	"alaaba"	
"subordinate"	"clauseType"	"awngi"	
"subordinate"	"clauseType"	"beja"	"hadendowa"
"subordinate"	"clauseType"	"oromo"	
"subordinate"	"clauseType"	"rendille"	
"subordinate"	"clauseType"	"sidaama"	
"subordinate"	"clauseType"	"somali"	"standard"
"subordinate"	"polarity"	"tsamakko"	
"subordinate"	"tam"	"yemsa"	
"subordinateVariant"	"clauseType"	"somali"	"standard"
"suffAlternate"	"verbMorphClass"	"awngi"	
"suffComp"	"proClass"	"beja"	"bishari"
"suffSet1"	"suffSet"	"tsamakko"	
"suffSet2"	"suffSet"	"tsamakko"	
"suffSet3"	"suffSet"	"tsamakko"	
"suffSet4"	"suffSet"	"tsamakko"	
"suffSet5"	"suffSet"	"tsamakko"	
"suffStructure"	"verbMorphClass"	"sidaama"	
"suffV"	"position"	"elmolo"	
"suffix"	"conjClaspdgmLexs"	"rendille"	
"suffix"	"conjClass"	"afar"	
"suffix"	"conjClass"	"arbore"	
"suffix"	"conjClass"	"beja"	"arteiga"
"suffix"	"conjClass"	"beja"	"atmaan"
"suffix"	"conjClass"	"beja"	"beniamer"
"suffix"	"conjClass"	"beja"	"bishari"
"suffix"	"conjClass"	"beja"	"hadendowa"
"suffix"	"conjClass"	"boni"	"jara"
"suffix"	"conjClass"	"dhaasanac"	
"suffix"	"conjClass"	"elmolo"	
"suffix"	"conjClass"	"geez"	
"suffix"	"conjClass"	"rendille"	
"suffix"	"conjClass"	"saho"	
"suffix"	"conjClass"	"somali"	"standard"
"suffix"	"pluralClass"	"khamtanga"	
"suffix"	"proClass"	"egyptian"	"middle"
"suffix"	"proClass"	"kambaata"	
"suffix"	"tokenType"	"arbore"	
"suffix"	"tokenType"	"boni"	"jara"
"suffix"	"tokenType"	"boni"	"kilii"
"suffix"	"tokenType"	"dhaasanac"	
"suffix1"	"conjClass"	"boni"	"jara"
"suffix1"	"conjClass"	"boni"	"kilii"
"suffix2"	"conjClass"	"boni"	
"suffix2"	"conjClass"	"boni"	"jara"
"suffix2"	"conjClass"	"boni"	"kilii"
"suffix3"	"conjClass"	"boni"	"jara"
"suffix3"	"conjClass"	"boni"	"kilii"
"suffix4"	"conjClass"	"boni"	"jara"
"suffix4"	"conjClass"	"boni"	"kilii"
"suffixClass"	"conjClass"	"boni"	"jara"
"suffixClass"	"conjClass"	"boni"	"kilii"
"suffixIrregular"	"conjClass"	"saho"	
"suffixPron"	"objectType"	"coptic"	"sahidic"
"suffixation"	"pluralClass"	"khamtanga"	
"suppletive"	"extended"	"dhaasanac"	
"suppletive"	"suppletion"	"burji"	
"syriac"	"lang"	"syriac"	
"t"	"prefixGroup"	"arbore"	
"t-Extension"	"dervStemAug"	"bayso"	
"tSuff"	"suffType"	"arbore"	
"taSuff"	"suffType"	"arbore"	
"tatak"	"pdgmLexLabel"	"gawwada"	
"teeh"	"pdgmLexLabel"	"gawwada"	
"template"	"pdgmType"	"gawwada"	
"temporal"	"clauseConjugation"	"coptic"	"sahidic"
"temporal"	"clauseType"	"awngi"	
"temporal"	"tam"	"khamtanga"	
"temporal1"	"clauseType"	"maale"	
"temporal2"	"clauseType"	"maale"	
"temporalSubordinate"	"clauseConjugation"	"coptic"	"sahidic"
"tenseAspOverview"	"morphClass"	"beja"	"atmaan"
"tenseAspOverview"	"verbMorphClass"	"beja"	"atmaan"
"tenseAspectMarking"	"verbMorphClass"	"alaaba"	
"tenseAspectMoodPref"	"verbMorphClass"	"yaaku"	
"tenseFormation"	"verbMorphClass"	"iraqw"	
"tenseFormation"	"verbMorphClass"	"saho"	
"tenseFormation"	"verbMorphClass"	"yemsa"	
"tenseFormation1"	"verbMorphClass"	"iraqw"	
"tenseFormation2"	"verbMorphClass"	"iraqw"	
"tensePersNumGenTemplate"	"verbMorphClass"	"sidaama"	
"tenseSuffSets"	"verbMorphClass"	"tsamakko"	
"terminative"	"clauseConjugation"	"coptic"	"sahidic"
"terminative"	"clauseType"	"awngi"	
"terminative"	"tam"	"coptic"	"sahidic"
"thatArea"	"deixis"	"sidaama"	
"theme"	"verbMorphClass"	"akkadian"	"OB"
"there"	"deixis"	"sidaama"	
"there"	"selector"	"dahalo"	
"thisArea"	"deixis"	"sidaama"	
"tnsAspModStem"	"verbMorphClass"	"bayso"	
"trans"	"transitivity"	"coptic"	"sahidic"
"transVerbPatterns"	"verbMorphClass"	"beja"	"atmaan"
"transitive"	"valence"	"alaaba"	
"transitivization"	"dervStemAug"	"bayso"	
"transitivization2arh"	"dervStemAug"	"bayso"	
"transitivize"	"dervStem"	"alaaba"	
"transitivize-caus"	"dervStem"	"alaaba"	
"tsamakko"	"lang"	"tsamakko"	
"u-Form"	"mainStem"	"afar"	
"uClass"	"ablautClass"	"akkadian"	"OB"
"unit"	"numRef"	"bayso"	
"urkees"	"pdgmLexLabel"	"gawwada"	
"urkeesad"	"pdgmLexLabel"	"gawwada"	
"vFin1"	"stemClass"	"beja"	"atmaan"
"vFin2"	"stemClass"	"beja"	"atmaan"
"vNoun"	"tam"	"yemsa"	
"vSubjSetA"	"vSubjSet"	"kemant"	
"vSubjSetB"	"vSubjSet"	"kemant"	
"var1"	"varClass"	"awngi"	
"var2"	"varClass"	"awngi"	
"varA"	"varClass"	"awngi"	
"varB"	"varClass"	"awngi"	
"varB1"	"varB"	"awngi"	
"varB2"	"varB"	"awngi"	
"varB3"	"varB"	"awngi"	
"varBx"	"varB"	"awngi"	
"variable"	"clauseConjugation"	"coptic"	"sahidic"
"ventive"	"cliticClass"	"boni"	"jara"
"ventive"	"cliticClass"	"boni"	"kilii"
"ventive"	"dervCat"	"elmolo"	
"ventive"	"dervStem"	"yaaku"	
"ventive"	"selector"	"dahalo"	
"verb"	"conjClass"	"yaaku"	
"verb"	"proClasspos"	"gawwada"	
"verbFocus"	"focusType"	"gawwada"	
"verbNegation"	"verbMorphClass"	"sidaama"	
"verbStems"	"verbMorphClass"	"geez"	
"verbal"	"case"	"dhaasanac"	
"verbalNoun"	"nonFiniteForm"	"dhaasanac"	
"verbalNoun"	"verbMorphClass"	"khamtanga"	
"verbalNoun"	"verbType"	"dhaasanac"	
"verbaliser"	"dervStem"	"iraqw"	
"verbaliser"	"dervStem"	"tsamakko"	
"veridical"	"modal"	"maale"	
"vetitive"	"tam"	"akkadian"	"OB"
"vocative"	"proClass"	"koorete"	
"vowel"	"stemClass"	"khamtanga"	
"vowel"	"stemFin"	"beja"	"beniamer"
"w-Class"	"stemAltClass"	"arbore"	
"wCC"	"rootClass"	"akkadian"	"OB"
"wCC"	"rootClass"	"hebrew"	
"wPro"	"proType"	"burji"	
"weak"	"strength"	"beja"	"atmaan"
"what"	"interrClass"	"burji"	
"what"	"interrClass"	"gedeo"	
"what"	"interrClass"	"hadiyya"	
"what"	"interrClass"	"kambaata"	
"what"	"interrClass"	"sidaama"	
"when"	"interrClass"	"burji"	
"when"	"interrClass"	"gedeo"	
"when"	"interrClass"	"kambaata"	
"when"	"interrClass"	"sidaama"	
"where"	"interrClass"	"burji"	
"where"	"interrClass"	"gedeo"	
"where"	"interrClass"	"hadiyya"	
"where"	"interrClass"	"kambaata"	
"where"	"interrClass"	"sidaama"	
"which"	"interrClass"	"sidaama"	
"who"	"interrClass"	"burji"	
"who"	"interrClass"	"gedeo"	
"who"	"interrClass"	"hadiyya"	
"who"	"interrClass"	"kambaata"	
"who"	"interrClass"	"sidaama"	
"woPro"	"proType"	"burji"	
"wolaytta"	"lang"	"wolaytta"	
"y"	"pdgmLexLabel"	"alaaba"	
"y"	"prefixGroup"	"arbore"	
"yCC"	"rootClass"	"hebrew"	
"yaaku"	"lang"	"yaaku"	
"yemsa"	"lang"	"yemsa"	
"yooq"	"pdgmLexLabel"	"gawwada"	
"ʔa"	"selectorGroup"	"arbore"	
"ʔalɗúna"	"selectorGroup"	"arbore"	
"ʔalɗún̅"	"selectorGroup"	"arbore"	
"ʔalɗúso"	"selectorGroup"	"arbore"	
"ʔalɗúy"	"selectorGroup"	"arbore"	
"ʔamma"	"selectorGroup"	"arbore"	
"ʔaná"	"selectorGroup"	"arbore"	
"ʔan̅"	"selectorGroup"	"arbore"	
"ʔasó"	"selectorGroup"	"arbore"	
"ʔay"	"selectorGroup"	"arbore"	
"ʔí"	"selectorGroup"	"arbore"	
"ʔímma"	"selectorGroup"	"arbore"	
"ʔína"	"selectorGroup"	"arbore"	
"ʔín̅"	"selectorGroup"	"arbore"	
"ʔíso"	"selectorGroup"	"arbore"	
"ʔíy"	"selectorGroup"	"arbore"	
